Id,Id2,Geography,Households; Estimate; Total,Households; Margin of Error; Total,Families; Estimate; Total,Families; Margin of Error; Total,Married-couple families; Estimate; Total,Married-couple families; Margin of Error; Total,Nonfamily households; Estimate; Total,Nonfamily households; Margin of Error; Total,Households; Estimate; Median income (dollars),Households; Margin of Error; Median income (dollars),Families; Estimate; Median income (dollars),Families; Margin of Error; Median income (dollars),Married-couple families; Estimate; Median income (dollars),Married-couple families; Margin of Error; Median income (dollars),Nonfamily households; Estimate; Median income (dollars),Nonfamily households; Margin of Error; Median income (dollars),Households; Estimate; Mean income (dollars),Households; Margin of Error; Mean income (dollars),Families; Estimate; Mean income (dollars),Families; Margin of Error; Mean income (dollars),Married-couple families; Estimate; Mean income (dollars),Married-couple families; Margin of Error; Mean income (dollars),Nonfamily households; Estimate; Mean income (dollars),Nonfamily households; Margin of Error; Mean income (dollars),Households; Estimate; PERCENT ALLOCATED - Household income in the past 12 months
310M300US10140,10140,"Aberdeen, WA ",27330,1573,17626,1813,N,N,9704,1355,49623,3998,56308,7769,63960,8835,29510,6289,67813,7818,73484,8484,N,N,52123,16241,46
310M300US10180,10180,"Abilene, TX ",59263,2157,38610,2159,29058,2148,20653,1932,48016,4309,59151,5136,69143,5211,27532,3072,62145,3749,72953,5150,N,N,39233,4439,32.6
310M300US10300,10300,"Adrian, MI ",37781,1320,24925,1073,19168,1174,12856,1450,51918,3667,64783,4391,72812,3731,31387,3443,67726,4367,80569,6176,N,N,38695,4701,36.2
310M300US10380,10380,"Aguadilla-Isabela, PR ",110316,3051,78013,3167,46920,2596,32303,2420,14546,797,18626,1299,24116,1341,8382,842,21838,1109,24862,1384,31138,1851,13695,1997,30.4
310M300US10420,10420,"Akron, OH ",284670,3364,177273,4261,129199,3660,107397,3902,51598,1092,68064,2584,80667,2099,30469,886,70083,1906,87614,2868,103063,3310,39351,1409,34.5
310M300US10460,10460,"Alamogordo, NM ",22384,1623,14135,1500,N,N,8249,1324,43646,5075,54377,6237,67576,10224,29514,5169,66808,16346,85329,24638,N,N,33583,4145,29.5
310M300US10500,10500,"Albany, GA ",57228,1908,37985,2268,22114,1829,19243,2169,40667,3796,50227,4761,69095,6704,27219,5043,57901,4309,65534,6088,88467,8800,40065,5605,41.8
310M300US10540,10540,"Albany, OR ",46645,1122,30793,1827,N,N,15852,1774,51310,4689,64511,6612,72766,4664,29923,4346,69891,7173,82906,10684,N,N,40725,4756,30.9
310M300US10580,10580,"Albany-Schenectady-Troy, NY ",343069,3783,204483,4495,152282,5091,138586,5384,65855,2050,84568,2480,100868,2615,39513,2610,85684,2217,105107,3058,121704,3805,53054,2255,30.6
310M300US10700,10700,"Albertville, AL ",34726,1047,23208,1423,17827,1504,11518,1481,42362,4050,51475,6337,56567,10394,25817,4406,59315,6254,72009,8191,82712,9996,31834,3605,45.6
310M300US10740,10740,"Albuquerque, NM ",343912,3465,216550,4673,151342,4754,127362,3940,50954,959,61838,2059,75240,2593,31465,1778,68558,1651,80648,2564,93805,2745,44542,2250,31.5
310M300US10780,10780,"Alexandria, LA ",55246,1956,36770,1865,23724,1741,18476,1950,42136,3674,54202,5265,73211,5690,22900,3888,62594,3825,72528,5206,N,N,39208,7080,33.9
310M300US10900,10900,"Allentown-Bethlehem-Easton, PA-NJ ",317457,3206,215555,4874,159423,4744,101902,4419,63022,1436,75440,2292,92045,2702,36977,2139,82857,2095,94860,2691,110171,3355,51814,3917,32.9
310M300US11020,11020,"Altoona, PA ",51154,1222,32897,1547,24110,1546,18257,1389,43443,3931,59272,3581,65874,4724,25956,2401,58867,4822,71014,6369,N,N,34858,5384,41.4
310M300US11100,11100,"Amarillo, TX ",95619,1966,65529,2190,49356,2381,30090,2205,54478,3541,67284,4630,79823,5137,32017,2397,75315,3792,88555,4906,100731,5442,43567,4761,37.2
310M300US11180,11180,"Ames, IA ",37350,985,19711,1446,N,N,17639,1292,53371,4519,84074,11656,96139,5268,23618,3754,70682,5933,97262,8658,N,N,39571,7177,35
310M300US11260,11260,"Anchorage, AK ",135554,2050,90473,2792,67680,2865,45081,2346,82203,2269,95872,4370,110524,3106,53255,5675,102233,3574,114235,4103,128550,5240,70990,5720,29
310M300US11460,11460,"Ann Arbor, MI ",140079,1822,81119,2470,64103,2334,58960,2292,65601,2780,95233,3053,112981,4208,36303,2543,94215,3141,123412,5214,140890,5592,52395,4103,33.4
310M300US11500,11500,"Anniston-Oxford-Jacksonville, AL ",43972,1687,30403,1889,N,N,13569,1485,41687,3903,52838,3261,59353,4458,21597,2436,58992,5020,68916,6584,N,N,32686,5561,35.4
310M300US11540,11540,"Appleton, WI ",92593,1261,62813,2043,50865,1891,29780,1913,63902,3756,78823,2064,86407,3198,37244,3740,79796,3371,94077,4764,103287,5619,47023,3544,27.9
310M300US11640,11640,"Arecibo, PR ",66520,2381,46709,2537,28031,2330,19811,2080,18428,1712,22641,1746,30589,2540,10478,950,24737,1596,28003,1617,N,N,15392,2870,30.6
310M300US11700,11700,"Asheville, NC ",186656,3117,113828,3914,91294,3987,72828,3724,50541,1498,61802,1388,68018,2732,30894,1993,66888,2370,78712,3125,87081,3633,45831,3427,29.7
310M300US11780,11780,"Ashtabula, OH ",38728,1250,24683,1607,17912,1550,14045,1469,42965,3297,53332,5214,63159,3906,24241,2881,55721,4363,68925,6323,N,N,29763,2892,32.9
310M300US11900,11900,"Athens, OH ",21732,1142,11007,1127,N,N,10725,1272,36193,4196,57274,9947,69449,9257,23927,3635,56230,6361,75159,10685,N,N,35626,7457,38.7
310M300US11980,11980,"Athens, TX ",30403,1432,20734,1622,N,N,9669,1361,44088,4408,52244,8526,66271,6181,24291,5307,64111,9209,68105,5660,N,N,50463,28076,30.6
310M300US12020,12020,"Athens-Clarke County, GA ",78195,1970,46160,2241,33641,2062,32035,1880,43165,2654,62752,3916,78274,5856,23863,2488,65420,3689,86485,5960,N,N,32504,2920,35.8
310M300US12060,12060,"Atlanta-Sandy Springs-Roswell, GA ",2062798,9936,1384362,13934,982343,12813,678436,12402,62613,890,74498,1113,91601,1127,41063,599,86546,1080,100154,1325,119026,1862,55342,1442,34.3
310M300US12100,12100,"Atlantic City-Hammonton, NJ ",96777,2551,64206,2769,44940,2736,32571,2302,56778,4087,72327,5992,91637,7180,32858,3244,77520,3298,90643,4057,N,N,46874,4335,39
310M300US12180,12180,"Auburn, NY ",30966,1110,18539,1025,13311,1004,12427,1115,54995,4267,66121,3773,77689,4963,36164,3863,68575,3961,76794,4066,N,N,51709,7858,37.3
310M300US12220,12220,"Auburn-Opelika, AL ",59354,1783,35925,2319,N,N,23429,2478,48056,3169,66857,7211,84390,8339,26351,7069,64562,5188,84597,7787,N,N,33186,3497,37.7
310M300US12260,12260,"Augusta-Richmond County, GA-SC ",219167,3417,151232,4466,105409,4494,67935,3987,48543,2304,59405,3433,74890,2725,32324,2910,64651,2169,74325,2929,89398,3391,41294,2435,41.1
310M300US12300,12300,"Augusta-Waterville, ME ",47791,1833,29339,1985,22950,1737,18452,1947,51573,3712,65748,5206,79831,6405,27321,3646,64429,3916,79158,5755,N,N,38272,3841,24.9
310M300US12420,12420,"Austin-Round Rock, TX ",741176,5596,459997,7317,351713,7023,281179,6971,71000,944,90208,1751,103625,1937,48310,1937,96786,1747,115132,2629,131201,2901,63621,2034,32.2
310M300US12540,12540,"Bakersfield, CA ",270359,3011,197797,4543,137548,4729,72562,3809,49903,1490,54475,2507,70255,3328,32989,3135,67594,2127,73198,2544,87964,3802,46367,3260,33.3
310M300US12580,12580,"Baltimore-Columbia-Towson, MD ",1045165,6536,677727,8677,476225,8767,367438,7730,76788,1312,94997,1459,117643,1948,44972,1587,99655,1288,117904,1591,140190,2149,61369,1888,37.9
310M300US12620,12620,"Bangor, ME ",60195,1491,37586,2181,27557,1879,22609,2183,47328,2968,62685,4224,73096,4105,24796,3376,62849,4093,72102,3324,83878,4440,44299,9441,28.9
310M300US12700,12700,"Barnstable Town, MA ",92582,3857,57923,3011,44902,2992,34659,2398,67898,2935,85900,3619,96120,4177,36388,1586,91777,5634,110334,6941,N,N,58016,7913,34.1
310M300US12940,12940,"Baton Rouge, LA ",296740,4455,191978,5304,131038,5412,104762,5372,52487,2322,67821,3587,89862,4244,32199,2210,76112,2658,90766,3832,109809,4923,46724,3637,40.9
310M300US12980,12980,"Battle Creek, MI ",52888,1350,32715,1825,22767,1583,20173,1640,45902,2822,60365,4913,74306,3468,26874,2525,61465,3819,74099,5203,N,N,38104,4461,28.8
310M300US13020,13020,"Bay City, MI ",43876,1199,28782,1529,20880,1678,15094,1423,44756,3736,55667,5272,71049,8279,27433,3240,60261,4407,71388,6695,N,N,36631,3350,38.4
310M300US13140,13140,"Beaumont-Port Arthur, TX ",152244,2134,101550,2977,70516,3329,50694,2943,49364,2632,61007,3938,76373,4682,29590,2948,68907,3084,78797,3730,92906,4707,46224,5505,49.5
310M300US13180,13180,"Beaver Dam, WI ",34648,810,23019,1170,18102,964,11629,1108,55856,3413,68458,4121,74951,3565,31439,1817,66121,3520,74835,3705,N,N,45862,8615,39
310M300US13220,13220,"Beckley, WV ",47940,1629,32190,2009,N,N,15750,1736,44178,4301,58124,2312,68256,5223,20796,2769,55995,2975,66696,3649,N,N,30878,4132,33.6
310M300US13380,13380,"Bellingham, WA ",84011,2072,48905,2453,N,N,35106,2402,56411,4819,74460,5091,82480,7071,31908,3302,71154,3568,88908,5464,N,N,44306,3455,30.4
310M300US13460,13460,"Bend-Redmond, OR ",71262,1966,47402,2513,N,N,23860,2453,61870,3790,73904,4338,81597,7125,36679,4754,78473,5221,93020,7672,N,N,45311,4709,37.2
310M300US13740,13740,"Billings, MT ",69484,1700,44306,2128,35965,1942,25178,2388,58037,3300,74583,3571,82347,3598,35019,3894,74916,3162,91330,4756,N,N,44115,4269,36.9
310M300US13780,13780,"Binghamton, NY ",96261,2239,59303,2413,45047,1942,36958,2378,51360,2089,66291,4237,77551,3545,27421,3024,67745,3168,82567,4323,N,N,41238,3620,37.3
310M300US13820,13820,"Birmingham-Hoover, AL ",438479,5239,291670,5806,207188,5251,146809,4864,52226,990,67858,1976,81937,2314,29592,1707,74082,2071,88883,3109,106562,4108,42792,3105,37.2
310M300US13900,13900,"Bismarck, ND ",54085,1264,33422,1984,N,N,20663,2045,65527,4700,85270,5433,93972,6539,41764,5851,87226,6855,104839,8927,N,N,56005,11812,32.6
310M300US13980,13980,"Blacksburg-Christiansburg-Radford, VA ",70441,2204,41795,2415,32621,2316,28646,2385,50950,1742,64665,5871,72146,5053,24618,6387,72205,6534,88689,8213,94519,7680,42423,10538,36.8
310M300US14010,14010,"Bloomington, IL ",71716,1537,44683,1519,34462,1689,27033,1805,61320,3698,82116,4505,96215,8292,40025,3978,81223,3460,100353,5448,N,N,47824,3058,33.5
310M300US14020,14020,"Bloomington, IN ",64040,1722,32885,1644,N,N,31155,2010,43693,2834,67255,3483,78448,5376,27996,3307,64315,4011,88674,7116,N,N,36899,4571,31.3
310M300US14100,14100,"Bloomsburg-Berwick, PA ",33824,1052,21749,1193,16444,1143,12075,1102,50038,3491,62674,3752,69074,3314,28082,4490,67173,4186,78627,4964,N,N,43666,7433,35.5
310M300US14140,14140,"Bluefield, WV-VA ",40816,1602,25922,1855,N,N,14894,1808,38488,4609,50350,5823,57294,4741,21548,2869,52637,4779,65216,7217,N,N,28269,3479,43.5
310M300US14260,14260,"Boise City, ID ",251142,3056,163943,5371,130938,5357,87199,5352,55162,1774,67462,3086,76739,3738,32093,1528,73245,3205,87794,4299,97720,5062,43126,3633,33.5
310M300US14460,14460,"Boston-Cambridge-Newton, MA-NH ",1803269,7501,1147727,11216,856769,11674,655542,11698,82380,1171,102757,1439,122621,2309,48777,1391,111300,1135,133289,1651,155219,2146,68499,1344,37.3
310M300US14500,14500,"Boulder, CO ",123820,2004,72540,2314,59327,2446,51280,1937,74615,3337,106908,6610,121044,2699,41218,3453,105099,4282,137013,6798,N,N,56926,4262,29.5
310M300US14540,14540,"Bowling Green, KY ",65832,1816,42555,2489,30524,2060,23277,1978,45649,1837,52366,3435,63850,5578,31129,7615,62562,5612,71010,6921,N,N,44209,7916,24.9
310M300US14580,14580,"Bozeman, MT ",39644,1504,23339,1439,N,N,16305,1801,61211,3899,84925,8691,92835,8469,32896,6829,91957,8995,120993,13447,N,N,46582,6290,28.4
310M300US14660,14660,"Brainerd, MN ",37034,1407,24154,1236,19335,1135,12880,1035,51162,2837,66323,5018,78677,3953,27207,3983,74639,7085,89627,9863,N,N,43537,5098,30.9
310M300US14700,14700,"Branson, MO ",34723,2172,23036,1920,N,N,11687,1528,40633,5187,50764,2397,54472,6298,26085,4178,56074,5971,63674,5721,N,N,39301,15493,29.1
310M300US14740,14740,"Bremerton-Silverdale, WA ",101995,2068,68425,2808,52921,2725,33570,2705,69171,3935,80412,3755,91603,4709,42931,5665,85625,3901,98661,5731,N,N,54344,3644,25
310M300US14860,14860,"Bridgeport-Stamford-Norwalk, CT ",335318,3387,233070,4686,178266,4376,102248,4021,90123,2925,111950,3818,132566,3606,47819,3397,143628,3548,171567,5394,200857,6198,75879,4567,38
310M300US15180,15180,"Brownsville-Harlingen, TX ",120499,2424,93840,2985,63295,3308,26659,2124,37061,2142,41361,1834,51494,2801,19100,3639,51206,2565,55661,3089,65369,4280,32704,3764,38.8
310M300US15260,15260,"Brunswick, GA ",42849,2624,28490,2325,N,N,14359,1925,46014,3616,54595,6378,62025,13038,28345,3800,64202,8003,76581,11933,N,N,36650,3707,36.2
310M300US15380,15380,"Buffalo-Cheektowaga-Niagara Falls, NY ",467259,4059,276295,4910,194170,4900,190964,5478,53487,1293,72354,2225,89259,2220,31727,977,72118,1629,89715,2267,105620,3018,44251,1629,36.2
310M300US15500,15500,"Burlington, NC ",64369,1213,41792,2274,29299,1736,22577,1891,45100,2609,57989,6491,75012,5893,27845,2797,60609,3232,71816,4431,N,N,36476,3133,38
310M300US15540,15540,"Burlington-South Burlington, VT ",85740,1482,51408,2301,41338,2258,34332,2249,66367,3961,86175,5355,98023,5884,38518,3778,86483,4289,107612,6667,N,N,50171,3586,28.8
310M300US15680,15680,"California-Lexington Park, MD ",41368,1136,27781,1766,N,N,13587,1787,78195,7763,95700,9557,109910,7287,52126,7012,91785,4959,104253,6481,N,N,63146,7295,26
310M300US15940,15940,"Canton-Massillon, OH ",163203,2129,107863,2938,79497,2644,55340,3030,50811,1505,62180,2068,74443,2281,31012,1777,66227,2135,76530,2749,87808,3376,43316,3462,29.6
310M300US15980,15980,"Cape Coral-Fort Myers, FL ",261735,5295,171389,5565,134631,4941,90346,4558,52909,1336,63133,2466,70986,2010,33336,2057,74125,2280,85602,2838,95599,3210,49794,3442,36.8
310M300US16020,16020,"Cape Girardeau, MO-IL ",36202,1667,22564,1489,N,N,13638,1330,49059,2906,59815,6704,69055,7666,30118,5573,65422,5966,79733,9192,N,N,37863,5214,44.2
310M300US16060,16060,"Carbondale-Marion, IL ",51761,1474,29681,1691,21101,1665,22080,1558,41603,3596,60940,4685,73531,3976,22397,3683,55799,3027,72202,4147,N,N,31073,3519,33.8
310M300US16180,16180,"Carson City, NV ",21704,882,12599,1170,N,N,9105,1044,52196,4516,65457,5035,73708,9038,31484,2439,63623,4060,77024,5208,N,N,41658,6539,30.6
310M300US16220,16220,"Casper, WY ",32059,1174,20180,1626,N,N,11879,1401,59474,5172,71294,4405,84992,5833,31827,7111,73781,4967,89249,7126,N,N,44318,7042,33.3
310M300US16300,16300,"Cedar Rapids, IA ",107867,2048,68722,2293,56038,2306,39145,2294,63385,3376,82757,2452,91672,2445,38740,3212,80497,3310,98766,4787,110978,5791,45739,3007,29.1
310M300US16500,16500,"Centralia, WA ",29509,1114,19628,1312,N,N,9881,1082,45523,5044,52492,7796,65630,6016,27385,7380,58780,3813,66031,4805,N,N,39339,5191,36
310M300US16540,16540,"Chambersburg-Waynesboro, PA ",60492,1081,41130,1882,33775,1657,19362,1689,60559,4205,71873,3797,77735,4452,34452,5153,77464,6982,90676,8928,N,N,44957,5571,29.1
310M300US16580,16580,"Champaign-Urbana, IL ",94941,2613,52314,2410,38322,1996,42627,2486,50564,2362,74824,3459,91713,3710,30329,2378,70226,3375,93321,4938,N,N,40394,3637,32.1
310M300US16620,16620,"Charleston, WV ",91529,2190,55591,2524,40397,2312,35938,2531,41689,3122,59774,2563,71310,4736,22341,2341,61337,4147,76614,5337,90754,7275,36507,4379,29.1
310M300US16660,16660,"Charleston-Mattoon, IL ",25989,1038,14855,1179,N,N,11134,1201,40329,3042,59832,5815,71799,5495,23411,3925,54842,4140,70015,6470,N,N,31308,4058,31.4
310M300US16700,16700,"Charleston-North Charleston, SC ",287362,3659,175868,4727,129910,4017,111494,4913,57659,1763,73249,3053,89315,2912,36294,1344,80323,2831,99813,4134,116733,5437,47395,2316,37.5
310M300US16740,16740,"Charlotte-Concord-Gastonia, NC-SC ",917897,5135,616781,9054,458629,9079,301116,7869,59979,1223,71299,1074,86561,1108,37491,2108,82776,1610,96150,1841,112973,2364,52119,3212,33.6
310M300US16820,16820,"Charlottesville, VA ",87091,2503,52226,2637,39385,2636,34865,2758,62523,3294,79655,6962,97108,4883,40308,4198,85476,4461,103295,5811,N,N,56221,6674,39.9
310M300US16860,16860,"Chattanooga, TN-GA ",210802,3471,129117,4240,101343,3961,81685,4180,46537,1724,65955,2123,75134,2888,27629,2222,68041,2628,85085,3982,95370,4775,39605,3122,34
310M300US16940,16940,"Cheyenne, WY ",38181,1341,25470,1940,N,N,12711,1514,62221,5272,72136,4142,83219,9590,34029,8736,73885,4264,85577,4818,N,N,45713,5996,33.6
310M300US16980,16980,"Chicago-Naperville-Elgin, IL-IN-WI ",3491635,10747,2260239,15018,1635457,14536,1231396,14150,66020,578,82221,722,100035,813,40278,531,91509,784,108505,1079,127615,1327,57129,950,35.7
310M300US17020,17020,"Chico, CA ",85531,2090,50528,2630,36380,2409,35003,2666,45177,3768,62593,5295,78487,6841,27363,4466,65703,4086,82166,5666,N,N,40450,4505,34.1
310M300US17060,17060,"Chillicothe, OH ",28710,1156,19798,1465,N,N,8912,1208,46422,5613,61981,4493,68971,5164,26337,5510,62408,5656,73747,7419,N,N,34298,5435,25.5
310M300US17140,17140,"Cincinnati, OH-KY-IN ",841382,5082,549995,6069,403593,6577,291387,6238,60260,1049,76050,1475,91694,1436,34466,1452,81041,1241,97179,1804,114316,2223,47671,1605,35.7
310M300US17200,17200,"Claremont-Lebanon, NH-VT ",85999,2394,53394,2524,41043,2111,32605,2282,59132,2236,77892,4515,86305,2837,31906,2773,81592,4142,99682,7055,N,N,47509,3901,32.3
310M300US17220,17220,"Clarksburg, WV ",36135,1387,23700,1700,N,N,12435,1305,46987,4603,63170,5981,73495,6825,28273,5466,66404,5223,78754,6531,N,N,38763,5268,26
310M300US17300,17300,"Clarksville, TN-KY ",100564,2089,71900,3034,53163,2772,28664,2584,51373,2057,61178,3985,70425,2513,28969,2809,61242,2542,67790,2840,78536,3453,40611,4073,40.2
310M300US17340,17340,"Clearlake, CA ",24593,1484,14230,1414,N,N,10363,1280,42029,5116,53156,6580,64224,10474,30434,3380,60536,5769,72920,8847,N,N,39828,7062,39.5
310M300US17420,17420,"Cleveland, TN ",47253,1502,31875,1907,N,N,15378,1837,44881,2913,54297,6103,62643,6640,28245,4848,60730,5172,68558,6049,N,N,42492,10019,38.2
310M300US17460,17460,"Cleveland-Elyria, OH ",851882,5716,520067,7598,362099,7140,331815,7125,52131,631,69312,1270,87702,1616,31321,707,74213,1211,91507,1837,111599,2432,44546,1607,33.4
310M300US17660,17660,"Coeur d'Alene, ID ",58875,1834,39927,2610,N,N,18948,1964,51765,2515,60784,5718,71445,4593,34035,8806,66843,4158,76289,5435,N,N,41585,5045,29.1
310M300US17780,17780,"College Station-Bryan, TX ",91033,2432,54561,2467,38980,2535,36472,2740,42233,2728,64422,6608,85643,6432,24811,2449,69770,3991,90101,6443,N,N,36166,4191,36.4
310M300US17820,17820,"Colorado Springs, CO ",267621,3076,181009,3872,142807,3974,86612,3724,63651,2297,76012,2374,85779,2885,37899,2799,80759,2149,93876,2966,104275,3476,49635,2686,31.2
310M300US17860,17860,"Columbia, MO ",68848,1784,39966,2110,30278,2168,28882,2187,52752,4636,74674,6751,86461,2495,29759,2976,70450,4894,89702,6652,N,N,41440,4350,32
310M300US17900,17900,"Columbia, SC ",309016,3521,198894,4714,134925,4794,110122,4521,52247,1476,63800,2338,80711,2468,34034,2433,69895,2263,81704,2949,98898,3774,46024,2862,39.1
310M300US17980,17980,"Columbus, GA-AL ",113256,2634,73606,3040,48424,2832,39650,2931,43412,3072,56063,4804,76110,6737,24787,2724,61926,3567,75932,5113,96288,6822,33546,2918,39.3
310M300US18020,18020,"Columbus, IN ",31626,953,20924,1521,N,N,10702,1418,59102,5718,67945,7931,81112,7121,37669,7175,73017,5142,83965,6776,N,N,50701,6932,35.4
310M300US18140,18140,"Columbus, OH ",779547,4511,491352,6243,354416,6729,288195,6431,60294,1005,73308,1794,91054,1883,40319,949,80731,1620,95061,2195,112890,2747,53096,1976,28.9
310M300US18180,18180,"Concord, NH ",57531,1332,37997,1633,29688,1733,19534,1534,69505,2107,87188,6115,96855,4000,39350,4831,88153,3982,105298,5802,111671,5639,48250,3592,33.5
310M300US18260,18260,"Cookeville, TN ",45459,1197,27768,1768,21076,1424,17691,1435,35028,2792,50473,4335,60285,3756,18857,2035,52076,3629,65866,5596,N,N,28766,3895,37.5
310M300US18300,18300,"Coos Bay, OR ",25862,1111,16604,1441,N,N,9258,1310,40938,6336,54122,6038,59461,6104,21500,3888,55268,5313,66224,7814,N,N,31610,5108,33.1
310M300US18500,18500,"Corning, NY ",38458,1164,25434,1303,18334,1340,13024,1288,50575,2803,59901,4107,71363,3843,31958,3178,69894,6713,74981,5723,N,N,56139,15672,29.8
310M300US18580,18580,"Corpus Christi, TX ",161353,3527,111069,3693,74521,3301,50284,3480,53775,2305,62296,2949,77248,4140,31249,2400,69942,2410,78932,3396,93015,4730,46065,3413,29.6
310M300US18700,18700,"Corvallis, OR ",34543,1077,20351,1133,N,N,14192,1267,55459,3522,78743,5234,89553,6904,28052,3246,77905,5496,100674,8042,N,N,43401,6240,25.8
310M300US18880,18880,"Crestview-Fort Walton Beach-Destin, FL ",103309,3225,67318,3684,53389,3545,35991,3115,58624,3449,71150,3077,81412,3490,35567,3642,77360,4033,90436,4829,N,N,51000,5283,31.1
310M300US18980,18980,"Cullman, AL ",30299,1234,21551,1384,N,N,8748,1321,39411,3647,49937,4492,59225,6265,22614,5307,54412,4271,63914,5327,N,N,29126,4026,34.5
310M300US19060,19060,"Cumberland, MD-WV ",38956,1570,24367,1452,17680,1314,14589,1543,45808,2255,55796,6133,65269,3904,27651,4332,54830,3087,66106,4592,N,N,34457,3542,32.3
310M300US19100,19100,"Dallas-Fort Worth-Arlington, TX ",2538547,8683,1766209,14492,1289678,14295,772338,12811,63812,923,75505,1055,93365,1234,41534,524,89029,928,101313,1133,118978,1332,56927,1039,33.7
310M300US19140,19140,"Dalton, GA ",49692,1568,35796,2162,26478,2009,13896,1890,43348,4941,48531,3276,53735,4733,23185,4341,57870,5058,61454,4040,N,N,44568,13728,36.8
310M300US19180,19180,"Danville, IL ",31928,1221,20303,1463,N,N,11625,1357,45481,3398,55811,5460,67028,5531,28566,4585,56819,4879,64639,5188,N,N,40922,9796,42.3
310M300US19260,19260,"Danville, VA ",43987,1616,29723,2075,20461,1744,14264,1602,42755,2722,51201,6229,68279,5254,24229,4876,55283,5121,65840,6922,N,N,31436,3328,44.2
310M300US19300,19300,"Daphne-Fairhope-Foley, AL ",76779,3010,49943,3287,N,N,26836,2574,56732,3829,75741,5089,85509,5320,31812,3580,74892,4192,93516,5613,N,N,38848,3884,36.3
310M300US19340,19340,"Davenport-Moline-Rock Island, IA-IL ",153275,2342,99699,2923,75702,2482,53576,2756,52590,2232,68357,3789,80770,1551,31254,1104,69246,2083,83193,3017,95469,3528,40612,1921,34.3
310M300US19380,19380,"Dayton, OH ",328352,3664,200620,4171,142943,4057,127732,3895,51427,1342,66383,2288,82392,2013,31492,1029,69568,1726,85751,2668,102717,3410,42188,1700,29.3
310M300US19460,19460,"Decatur, AL ",57753,2008,38191,2240,29543,2008,19562,1842,44575,5260,59072,3936,65690,6772,24555,3787,58555,3956,72064,5562,N,N,30906,3314,42.8
310M300US19500,19500,"Decatur, IL ",44002,1353,26865,1474,18352,1298,17137,1580,46198,4254,62985,4032,79345,4599,28217,3315,62668,3522,76838,5128,N,N,37288,3280,35.4
310M300US19660,19660,"Deltona-Daytona Beach-Ormond Beach, FL ",255350,4439,157956,4792,118951,4476,97394,4468,46090,1553,55959,1996,63892,2440,28005,2387,61275,2051,73666,3053,81772,3426,38761,2077,40.6
310M300US19740,19740,"Denver-Aurora-Lakewood, CO ",1091571,4568,688399,7332,525298,6820,403172,7126,71926,781,87273,1144,100986,964,47937,1620,97172,1309,114758,1863,129298,2193,63330,1600,30.1
310M300US19780,19780,"Des Moines-West Des Moines, IA ",245643,2966,157235,3527,120471,3874,88408,3517,65704,2050,82756,2467,96672,3170,38673,2600,85195,2566,101612,3448,116474,3894,52241,4424,35.9
310M300US19820,19820,"Detroit-Warren-Dearborn, MI ",1689859,8548,1066390,8964,744864,8504,623469,9755,56142,588,72732,1051,91571,1107,32660,906,78464,818,95230,1114,114584,1400,47366,1016,35.3
310M300US20020,20020,"Dothan, AL ",56133,1446,36780,1562,26276,1418,19353,1104,41040,2343,53628,3321,69063,3796,22133,1631,56872,2283,68058,2958,N,N,33329,2890,42.1
310M300US20100,20100,"Dover, DE ",64452,1537,43282,2361,26932,1835,21170,2092,54140,3724,62117,3178,72527,7628,34729,2410,66154,3537,74520,4991,N,N,44649,4925,37.6
310M300US20180,20180,"DuBois, PA ",29061,1313,19113,1354,N,N,9948,992,47352,4313,56369,4359,63750,4014,24155,2307,58404,4774,64766,3291,N,N,43796,12753,37.5
310M300US20220,20220,"Dubuque, IA ",37710,1062,25666,1329,N,N,12044,1147,60456,4069,79158,4065,87988,5626,30450,3467,82731,8634,100892,12545,N,N,41264,6070,35.9
310M300US20260,20260,"Duluth, MN-WI ",116967,1910,68095,1887,52508,1991,48872,2255,51294,1874,67624,2976,79248,2107,30690,1241,66342,2086,82920,3275,95227,3581,40609,1980,32.7
310M300US20380,20380,"Dunn, NC ",43960,1230,30968,1703,22823,1632,12992,1398,51637,2500,61160,2399,71534,3922,29857,3528,62276,3019,70931,3859,N,N,38345,4849,29.6
310M300US20500,20500,"Durham-Chapel Hill, NC ",217853,3128,132508,3288,96561,3300,85345,3177,56182,1594,77088,3346,94147,4227,36542,2091,82641,3129,102915,4564,122739,6126,48769,2731,30.4
310M300US20700,20700,"East Stroudsburg, PA ",57284,2360,37671,2728,N,N,19613,2270,60095,5816,74095,7122,83340,7689,38397,4723,76141,4879,90511,6385,N,N,46860,4401,41.6
310M300US20740,20740,"Eau Claire, WI ",66866,1164,40631,1763,32306,1759,26235,1521,51058,3864,68931,3076,78753,3618,30721,2632,66019,3508,80980,4595,N,N,39399,5494,25.2
310M300US20940,20940,"El Centro, CA ",44855,1612,34950,1841,24310,1834,9905,1536,49095,6911,57130,4551,63670,3753,20090,4063,63208,5087,71098,6701,N,N,31361,4243,45.8
310M300US21020,21020,"Elizabeth City, NC ",23009,1366,15592,1613,N,N,7417,1260,49781,5526,68805,11732,77012,6331,26533,8108,66235,5390,78110,6533,N,N,38107,9015,29.2
310M300US21060,21060,"Elizabethtown-Fort Knox, KY ",56261,2119,37988,2345,28612,2146,18273,1704,51936,3176,64234,3603,71585,3271,34974,7078,65316,3861,76509,5423,N,N,39820,3785,28
310M300US21140,21140,"Elkhart-Goshen, IN ",72487,1467,50774,2299,38199,2185,21713,2137,54216,3235,65003,2583,72387,3544,29710,3497,65321,4034,75524,5080,N,N,36549,3109,29.6
310M300US21300,21300,"Elmira, NY ",34418,1411,21203,1435,N,N,13215,1580,51269,2894,69651,3954,82609,9584,23150,2620,67332,4643,82566,6056,N,N,39057,5849,32.5
310M300US21340,21340,"El Paso, TX ",268172,3196,195644,4316,127576,3983,72528,3648,42116,1605,47221,1689,57999,2482,27502,2148,57013,1795,62687,2340,72424,2746,37463,1997,31.7
310M300US21420,21420,"Enid, OK ",24859,868,15677,1294,N,N,9182,1204,50288,4967,60024,9015,70809,5013,27249,8329,60299,4317,69048,5717,N,N,42437,8206,39.6
310M300US21500,21500,"Erie, PA ",109705,1868,67945,2897,48295,2653,41760,2369,48964,2297,62882,2335,74964,3899,28659,2285,63819,2470,78400,3890,91763,4822,37418,2250,36.1
310M300US21660,21660,"Eugene, OR ",147712,2024,88876,2885,65573,2837,58836,2825,47777,2087,61046,2639,68944,3656,27801,1917,63747,2315,75997,2454,84938,3367,42185,4253,28.9
310M300US21700,21700,"Eureka-Arcata-Fortuna, CA ",54230,1436,28646,1658,18837,1577,25584,2018,43130,2715,57721,4850,70321,5042,26720,2711,64617,11004,72428,5341,N,N,51956,22033,35.5
310M300US21780,21780,"Evansville, IN-KY ",128277,2136,81362,2804,58886,2484,46915,2563,50155,2002,63216,3974,78497,3352,29844,2209,67874,3353,82600,4921,98715,6107,39453,3010,29.1
310M300US21820,21820,"Fairbanks, AK ",33770,1901,21062,1942,N,N,12708,1766,77328,9603,86950,9208,98615,9828,54039,6856,87359,6350,96174,8715,N,N,66561,9645,33.4
310M300US22020,22020,"Fargo, ND-MN ",99968,1614,56508,2755,N,N,43460,2720,60009,3295,79142,4179,87224,3599,38170,4113,76519,3795,95548,5334,N,N,49409,4947,27.9
310M300US22060,22060,"Faribault-Northfield, MN ",22895,782,16254,1006,N,N,6641,942,69135,5709,82815,8112,89820,5088,36245,7823,82572,4964,96046,6402,N,N,44895,5580,31.9
310M300US22100,22100,"Farmington, MO ",24350,1203,15402,1475,N,N,8948,1198,45431,6245,59297,5866,66777,12091,20339,4505,54546,5002,69135,5875,N,N,27555,4694,27.6
310M300US22140,22140,"Farmington, NM ",43093,976,29374,1733,20591,1667,13719,1554,52003,3775,63793,7176,80126,3773,32291,4340,65449,3991,72819,5051,85929,6589,46519,5966,41.3
310M300US22180,22180,"Fayetteville, NC ",141972,2407,90761,3394,59434,2800,51211,2925,45293,1626,51492,1626,65874,3243,31905,1802,56823,2124,63160,2756,76697,3310,43107,4320,38.2
310M300US22220,22220,"Fayetteville-Springdale-Rogers, AR-MO ",196775,2360,132978,3412,104213,3380,63797,3205,51848,1238,64551,2956,75257,3838,31064,1350,73685,2470,86499,3339,98912,3871,44901,3004,28.6
310M300US22300,22300,"Findlay, OH ",31693,936,18248,1516,N,N,13445,1450,52810,6613,69666,7403,76589,4240,31998,4725,70192,4745,86951,8235,N,N,44683,4175,26.3
310M300US22380,22380,"Flagstaff, AZ ",47408,1957,27283,1737,19831,1705,20125,1838,55091,4663,71845,4832,80776,3187,32541,4761,67297,4171,82335,6042,N,N,45487,4533,38.7
310M300US22420,22420,"Flint, MI ",167171,2232,106436,2697,71514,2914,60735,2916,43955,1291,53894,1851,66691,4431,27289,2209,60115,2060,70039,2927,86268,3772,38449,3088,39
310M300US22500,22500,"Florence, SC ",76117,2104,50223,2411,32735,2388,25894,2481,42200,2843,55608,4740,74104,5723,24500,2413,58934,3006,70110,3584,N,N,34476,4509,33.5
310M300US22520,22520,"Florence-Muscle Shoals, AL ",59676,1716,37369,2474,28794,2118,22307,2076,45287,3768,62293,4422,67835,3132,23713,2851,57924,2794,71855,3519,N,N,33189,3247,45.7
310M300US22540,22540,"Fond du Lac, WI ",40815,1069,28477,1559,23358,1643,12338,1199,58310,3711,70860,4478,81309,4023,33810,4098,71268,3391,83480,4589,N,N,40222,3582,34.8
310M300US22580,22580,"Forest City, NC ",26982,1319,15966,1415,N,N,11016,1708,36121,6790,50693,5264,60568,4124,20623,2279,46400,4517,58820,6032,N,N,27401,4729,29.4
310M300US22660,22660,"Fort Collins, CO ",131407,1911,82903,2577,66615,2741,48504,2675,66469,2777,82073,2398,90420,4084,38078,2083,83934,3399,99577,4153,110539,4731,54379,6418,32.1
310M300US22840,22840,"Fort Payne, AL ",25383,1190,18834,1335,N,N,6549,1089,35963,3259,40496,3287,49409,3565,16198,5370,48529,4224,54066,4666,N,N,30008,7224,38.2
310M300US22900,22900,"Fort Smith, AR-OK ",107196,2184,72741,2438,53850,2517,34455,2380,40970,1615,49354,2122,57475,4324,22481,2847,53644,2458,61925,2770,70097,3693,34262,4855,41
310M300US23060,23060,"Fort Wayne, IN ",167408,2125,107704,3731,80556,3618,59704,3276,51519,1203,64774,2276,74536,2829,31593,1514,66824,2291,80275,3057,93502,3686,39681,2065,35.1
310M300US23180,23180,"Frankfort, KY ",29694,1224,18129,1503,N,N,11565,1578,54000,4645,65368,5340,77529,11121,38344,6618,66104,4536,78565,5447,N,N,42796,6380,32.3
310M300US23420,23420,"Fresno, CA ",303216,2788,219660,3642,141938,4319,83556,3453,48715,2081,53951,2887,73449,3394,30545,1434,68967,1851,75526,2319,93047,2879,45633,3030,39.8
310M300US23460,23460,"Gadsden, AL ",38766,1489,26348,1553,18317,1466,12418,1392,41152,2983,53675,5121,65481,2977,25326,4668,55243,3843,65211,5370,N,N,32243,4037,39.7
310M300US23540,23540,"Gainesville, FL ",100985,3716,49687,2974,34747,2345,51298,3343,45279,2938,66868,6697,85589,5445,26520,2129,62520,3929,84500,4893,N,N,40137,5689,38.1
310M300US23580,23580,"Gainesville, GA ",62038,1709,45843,2242,34827,2070,16195,1534,54917,3829,62802,3802,74343,5495,29194,4158,70477,4325,79844,5713,N,N,39774,4070,37.9
310M300US23700,23700,"Gallup, NM ",20061,676,13876,1151,6754,946,6185,1090,31526,4099,34902,5341,58155,5339,16741,4922,43857,3537,46859,4418,60377,6142,32704,7721,53.5
310M300US23900,23900,"Gettysburg, PA ",38125,1120,26243,1453,N,N,11882,1140,59300,4465,74680,4746,81817,6461,31033,3378,72296,3576,83756,4630,N,N,42653,4065,30.2
310M300US24020,24020,"Glens Falls, NY ",51614,1736,32655,1856,24019,1622,18959,1762,54414,2580,65608,4696,80394,6411,32286,3938,72139,5538,85675,7793,N,N,44598,4277,33.2
310M300US24060,24060,"Glenwood Springs, CO ",27781,1284,19481,1523,N,N,8300,1278,70234,4170,84482,7340,97094,9830,43516,12536,92681,10261,107509,16008,N,N,50135,7773,42.9
310M300US24140,24140,"Goldsboro, NC ",47240,1353,31900,2139,21679,1994,15340,1794,41711,3830,55021,5320,70355,2832,21672,2379,58296,4082,66626,4960,N,N,36532,7294,25.3
310M300US24220,24220,"Grand Forks, ND-MN ",41827,1159,23454,1407,N,N,18373,1379,48671,4343,73843,4438,83723,2666,27960,3365,63671,3879,83505,6327,N,N,36812,6466,27
310M300US24260,24260,"Grand Island, NE ",32945,908,22136,1266,N,N,10809,1185,55435,3407,66320,5171,82568,5749,30839,1998,70445,5388,84103,7971,N,N,38999,3745,45.7
310M300US24300,24300,"Grand Junction, CO ",60188,1483,37593,2148,28525,1989,22595,2129,48846,4429,65617,4800,72456,3188,24908,4037,60280,3745,72859,5014,N,N,38274,4690,29.1
310M300US24340,24340,"Grand Rapids-Wyoming, MI ",384790,3144,264741,5127,207304,5294,120049,4889,60212,1002,72077,1452,84062,1956,32678,1594,77597,1690,90595,2309,103120,2667,45370,2117,32.3
310M300US24420,24420,"Grants Pass, OR ",35439,1093,23074,1522,N,N,12365,1410,36472,4670,45866,6323,57546,9906,19720,6555,50614,3804,59943,5632,N,N,29717,4405,37.1
310M300US24500,24500,"Great Falls, MT ",33759,967,20728,1191,N,N,13031,1125,45138,3057,59553,6337,65742,4671,27821,3555,62658,5925,76975,9016,N,N,37779,6115,29.7
310M300US24540,24540,"Greeley, CO ",102087,1317,75573,2400,61596,2687,26514,2364,63400,2926,74468,3047,82375,4522,31031,4008,81031,3378,89667,3845,97458,4434,52115,7085,37.9
310M300US24580,24580,"Green Bay, WI ",128474,1672,80875,2230,64015,2045,47599,2357,58011,2215,76493,2892,85704,2438,37717,3009,73974,2796,88173,3700,98143,4288,46802,5107,29.9
310M300US24620,24620,"Greeneville, TN ",25418,1671,16155,1849,N,N,9263,1467,41109,2427,52527,6885,63449,8151,22989,7907,60485,8852,66648,8003,N,N,47983,20418,43
310M300US24640,24640,"Greenfield Town, MA ",30868,736,18313,1051,N,N,12555,1195,57106,3645,79978,3377,88989,5866,29774,2767,77060,6419,93769,5299,N,N,49194,14594,32
310M300US24660,24660,"Greensboro-High Point, NC ",296476,3407,190197,3998,131051,4510,106279,4069,46135,1423,56380,2123,72441,3489,29766,1724,64245,2389,75209,3230,91010,4005,42776,3147,34.8
310M300US24780,24780,"Greenville, NC ",70019,1853,40746,2190,N,N,29273,2258,46573,3483,63308,7158,82491,4466,26516,2884,62944,3640,81396,5528,N,N,36437,4125,47.9
310M300US24860,24860,"Greenville-Anderson-Mauldin, SC ",335497,4055,222222,5584,160191,5328,113275,4246,50644,935,63816,2768,77176,2580,27888,1745,69567,1794,82396,2880,97765,3689,41359,2367,33.2
310M300US24940,24940,"Greenwood, SC ",36461,1347,24388,2008,N,N,12073,1714,38519,3664,49360,4845,66155,6813,21982,2258,52515,4189,60425,4829,N,N,35786,7112,41.8
310M300US25020,25020,"Guayama, PR ",26740,1731,18120,1773,N,N,N,N,16595,1955,22614,4642,26823,5774,8793,1074,25189,5041,31124,7065,N,N,N,N,36.7
310M300US25060,25060,"Gulfport-Biloxi-Pascagoula, MS ",146020,3039,93879,3948,64626,3659,52141,3530,46434,2347,57333,2592,69717,3874,26392,2722,59951,2479,71039,3013,84377,3685,37476,3170,33.4
310M300US25180,25180,"Hagerstown-Martinsburg, MD-WV ",98193,2329,64769,3195,45848,2752,33424,2905,55862,2970,71118,3603,84103,2899,35557,2966,73682,3887,84586,4962,N,N,48057,6586,30.6
310M300US25220,25220,"Hammond, LA ",47756,1780,33369,2275,N,N,14387,1934,48162,5918,62373,2751,77005,6035,20744,2532,63700,4301,73087,6142,N,N,33746,5104,28.9
310M300US25260,25260,"Hanford-Corcoran, CA ",43090,1044,33611,1852,23513,2124,9479,1598,53234,4518,54641,5961,64537,7921,35824,13889,67901,4360,71195,5384,N,N,47832,9404,44
310M300US25420,25420,"Harrisburg-Carlisle, PA ",225120,2890,143270,3871,109407,3687,81850,3404,61467,1332,76289,2564,87116,2744,38597,2440,79424,2245,93776,3139,105742,4083,51281,2815,36.1
310M300US25500,25500,"Harrisonburg, VA ",47805,1336,30642,1722,21887,1838,17163,1565,51369,4659,66515,5653,80019,5837,30972,2589,68921,4848,82942,7564,N,N,38588,5085,38
310M300US25540,25540,"Hartford-West Hartford-East Hartford, CT ",470439,3627,298516,5502,219374,5425,171923,5135,72559,1661,92563,2160,110412,3129,41262,1295,96040,1922,116681,2842,136303,3680,56100,2392,33.4
310M300US25620,25620,"Hattiesburg, MS ",53560,1793,36287,2185,N,N,17273,1899,46765,4749,59125,6183,78085,7811,26415,5493,69507,7083,81517,9400,N,N,42012,12440,34.1
310M300US25740,25740,"Helena, MT ",31474,1227,19615,1436,N,N,11859,1186,62437,6589,79918,5680,86431,3827,37216,6803,80593,12945,98433,19730,N,N,48842,7717,32.1
310M300US25840,25840,"Hermiston-Pendleton, OR ",29799,1184,20901,1304,N,N,8898,1167,50037,4255,60363,7365,68252,6038,26281,4692,61842,4709,70239,6114,N,N,38680,5771,48.9
310M300US25860,25860,"Hickory-Lenoir-Morganton, NC ",144399,2671,100708,3511,74283,3531,43691,2897,42572,1950,51881,1797,63266,2871,23213,2571,58044,2741,68652,3370,N,N,30993,1970,33
310M300US25900,25900,"Hilo, HI ",69818,1668,47584,2592,33869,2338,22234,2257,55750,3382,65993,4646,76570,6151,31765,3463,74492,4512,82532,4924,N,N,52019,9261,36.7
310M300US25940,25940,"Hilton Head Island-Bluffton-Beaufort, SC ",76772,2771,51869,2750,40754,2760,24903,2193,63756,3158,73382,5556,85909,7274,34648,8743,85980,5733,97101,7111,N,N,59238,9643,40.4
310M300US25980,25980,"Hinesville, GA ",29918,1498,20700,1585,N,N,9218,1361,46241,5341,49349,3549,54166,4679,40238,6494,55082,3577,59842,4983,N,N,41486,4859,40.1
310M300US26020,26020,"Hobbs, NM ",20793,1247,15310,1263,N,N,5483,1214,55636,6114,62021,7398,68786,4705,36585,12247,67445,6680,74757,8452,N,N,44438,9465,41
310M300US26090,26090,"Holland, MI ",41995,1226,30810,1450,25035,1646,11185,1410,57846,4103,68262,3392,74186,3900,33410,4120,69842,3050,79665,3633,N,N,38730,3389,41.5
310M300US26140,26140,"Homosassa Springs, FL ",63581,2500,36860,2511,N,N,26721,2709,39206,4485,49613,3676,56026,3569,26549,2217,51521,3641,61814,4757,N,N,35392,5602,35.4
310M300US26300,26300,"Hot Springs, AR ",39309,2140,22555,2022,N,N,16754,2166,42826,5424,56445,2262,64503,6251,24438,3349,56172,3909,70107,6098,N,N,36138,4753,31.6
310M300US26380,26380,"Houma-Thibodaux, LA ",77301,2022,52441,2383,38046,2703,24860,2378,49929,3965,57220,4280,71112,4065,28661,3976,64588,3819,73148,5312,N,N,42288,5074,39.9
310M300US26420,26420,"Houston-The Woodlands-Sugar Land, TX ",2333038,10068,1646830,15359,1175959,14995,686208,12831,61708,615,72548,980,91446,1005,40685,704,89957,909,101536,1324,121653,1898,58106,1535,35.7
310M300US26580,26580,"Huntington-Ashland, WV-KY-OH ",141737,2780,91456,3421,65666,3044,50281,3320,42420,1793,53852,2777,66827,3055,23499,1687,56702,2355,69018,3232,82000,4279,31891,2744,34.5
310M300US26620,26620,"Huntsville, AL ",175549,3344,111108,3818,81510,3647,64441,3771,58238,3098,79852,3922,96064,3495,35319,3521,82195,2846,99828,4421,N,N,50376,3159,29.4
310M300US26660,26660,"Huntsville, TX ",26350,2276,16269,1953,N,N,10081,1693,42199,2772,59792,8386,68421,8198,24203,6869,54821,4432,70397,6567,N,N,29160,4414,45.3
310M300US26740,26740,"Hutchinson, KS ",24934,893,15823,1291,N,N,9111,1039,45249,3893,55410,5867,67417,4667,25400,4087,59384,5102,71361,6482,N,N,34349,7743,36.1
310M300US26820,26820,"Idaho Falls, ID ",48326,1138,35101,1549,28758,1667,13225,1328,60133,2149,68031,3230,74744,5032,31424,5641,76133,5182,86016,6452,N,N,46023,6733,29.5
310M300US26860,26860,"Indiana, PA ",34786,955,21239,1160,16929,1141,13547,1282,42962,2499,60995,5166,67971,3923,22724,2587,59117,2913,72397,4526,N,N,36788,4871,38.1
310M300US26900,26900,"Indianapolis-Carmel-Anderson, IN ",765240,5281,482012,8276,353400,7536,283228,7390,56750,921,73164,1683,88218,1916,34968,1504,78628,1655,94349,2379,110485,3120,49304,2872,33.4
310M300US26980,26980,"Iowa City, IA ",65343,1879,37935,1877,N,N,27408,2339,57777,2679,85302,4675,95078,3583,30131,3989,75411,3305,97877,5053,N,N,42437,4629,28.8
310M300US27060,27060,"Ithaca, NY ",37683,1516,20315,1586,N,N,17368,1711,56349,3335,78948,4707,91513,8780,31051,5162,73644,4239,96948,7322,N,N,42235,5315,27
310M300US27100,27100,"Jackson, MI ",59993,1688,39580,1808,27984,1665,20413,1674,50009,3641,60779,2577,75009,4836,31154,3499,65570,4290,75865,4626,N,N,42550,8216,33.7
310M300US27140,27140,"Jackson, MS ",213266,3307,145099,4547,95482,4330,68167,3764,50632,1677,62060,2339,80941,2357,30757,2223,70483,2894,81614,3517,99373,3673,43725,3151,36.4
310M300US27180,27180,"Jackson, TN ",48047,1681,33007,2197,22394,1777,15040,1722,42373,2393,50214,3820,59261,6845,25884,4544,57708,3779,67951,5326,N,N,33640,5291,48.1
310M300US27260,27260,"Jacksonville, FL ",551172,6310,362005,6630,261670,6174,189167,5676,56840,1103,68962,2345,83195,2716,37187,1212,77169,1730,89862,2435,105501,3102,50469,2180,41.6
310M300US27340,27340,"Jacksonville, NC ",61766,2212,42793,2500,N,N,18973,2453,47150,3555,54228,4970,61735,3148,30369,3911,56900,2589,63054,3411,N,N,39725,3432,32.4
310M300US27460,27460,"Jamestown-Dunkirk-Fredonia, NY ",51705,1835,31199,1743,24220,1593,20506,1506,42204,2801,56959,3319,65584,5616,24519,1851,55539,2728,66524,3196,N,N,37461,3941,32.9
310M300US27500,27500,"Janesville-Beloit, WI ",63222,1247,40173,1648,28946,1543,23049,1892,50729,2265,61734,4898,77399,3737,30931,1690,65404,2936,75267,3815,N,N,42538,4144,29.5
310M300US27620,27620,"Jefferson City, MO ",55366,1722,37372,1971,30101,1934,17994,1911,55031,3135,68671,4794,78989,4049,32084,4793,66765,3003,77420,3447,N,N,42281,6332,38.6
310M300US27740,27740,"Johnson City, TN ",83349,2077,53103,2464,37832,2403,30246,2403,40943,2784,50673,4292,63713,4109,25277,2612,56495,3471,66483,5114,80215,6595,36824,4001,34.4
310M300US27780,27780,"Johnstown, PA ",56443,1390,35951,1621,27102,1367,20492,1383,44100,3096,60023,3282,71415,5097,25038,2494,57562,2339,70733,3320,N,N,32416,2097,29.4
310M300US27860,27860,"Jonesboro, AR ",49513,1437,31493,2042,20746,1841,18020,1815,41717,2585,49994,3351,68225,5156,23263,3699,60371,7846,73037,11012,N,N,34420,5532,30
310M300US27900,27900,"Joplin, MO ",67380,1615,44831,2241,34134,2309,22549,2206,45876,2370,54737,4378,66661,5846,29291,3152,62827,4697,74404,6667,N,N,35252,3351,38
310M300US27980,27980,"Kahului-Wailuku-Lahaina, HI ",53667,1944,36417,1881,26662,2066,17250,1806,72268,4713,78846,4976,92149,6747,42450,5108,98544,7178,106477,8070,N,N,65836,9830,34.3
310M300US28020,28020,"Kalamazoo-Portage, MI ",131673,2267,79880,2688,60823,2831,51793,2596,52045,1654,69494,2959,80211,3092,33595,2422,72345,2445,89530,4277,N,N,43274,2829,31.1
310M300US28060,28060,"Kalispell, MT ",39279,1534,25647,1743,N,N,13632,1579,50142,3478,65469,4450,69422,6082,30946,4080,70136,6963,84550,8311,N,N,41759,10765,24.2
310M300US28100,28100,"Kankakee, IL ",39314,1235,26614,1503,N,N,12700,1252,54911,4196,65122,4426,76862,3460,36396,3500,68588,3947,78934,5226,N,N,44219,3997,39.7
310M300US28140,28140,"Kansas City, MO-KS ",816569,4977,531420,6650,394429,6422,285149,7090,61385,779,77533,1276,92066,1081,36867,796,82261,1421,98184,1847,113313,2276,49452,1762,31.2
310M300US28180,28180,"Kapaa, HI ",23214,1021,15577,1264,N,N,7637,1143,71344,10599,84633,3684,92054,10695,39354,7146,85866,6196,97688,7800,N,N,55667,9992,46
310M300US28300,28300,"Keene, NH ",29428,1274,18085,1324,N,N,11343,1269,56364,6952,72706,6016,80773,6797,31162,2473,73110,6368,87942,6694,N,N,46444,11849,28.1
310M300US28420,28420,"Kennewick-Richland, WA ",96337,1460,66296,2663,51878,2574,30041,2466,61021,2402,73429,4603,87434,5946,34806,4581,77885,2735,89838,3696,N,N,48215,5245,30
310M300US28580,28580,"Key West, FL ",30318,1827,17657,1834,N,N,12661,1422,65717,3620,78067,7656,90587,9864,40981,4815,87296,5709,100532,8402,N,N,65836,8274,49.1
310M300US28660,28660,"Killeen-Temple, TX ",150422,3080,107309,3407,77797,3853,43113,3162,52202,1885,60476,2000,72528,2750,34301,5153,67835,2770,75898,3351,88028,4648,44839,3773,28.7
310M300US28700,28700,"Kingsport-Bristol-Bristol, TN-VA ",123757,2715,80047,2827,60782,3060,43710,2165,40811,1959,51886,2438,60083,2889,24267,2308,56683,2573,68583,3392,75699,3381,33655,2671,32.5
310M300US28740,28740,"Kingston, NY ",68298,2281,41957,2454,29890,1749,26341,2227,62790,3777,78407,6476,95033,6048,31734,3547,82176,3966,100833,5584,117805,7114,48383,5050,37.9
310M300US28900,28900,"Klamath Falls, OR ",26359,1213,17398,1363,N,N,8961,1121,45604,2907,48313,3718,59347,9502,28285,9327,58173,3815,65623,5122,N,N,40879,5441,32.3
310M300US28940,28940,"Knoxville, TN ",344803,4493,221543,5331,170286,5101,123260,4225,49862,1319,62898,2466,74432,2340,28639,1610,68038,1635,82002,2308,93142,2665,40558,2497,29.6
310M300US29020,29020,"Kokomo, IN ",34195,1167,22232,1437,N,N,11963,1384,45702,5865,61385,6069,79026,5273,27964,3599,62995,4426,75884,6472,N,N,36923,5015,39.6
310M300US29100,29100,"La Crosse-Onalaska, WI-MN ",55390,1080,33563,1502,26770,1524,21827,1513,55717,4260,73956,3453,84377,3584,34841,3928,71187,3534,88620,5263,N,N,42359,3482,28.8
310M300US29180,29180,"Lafayette, LA ",177425,3076,116882,3424,77299,4024,60543,3499,45409,2920,56101,3724,77249,3687,30459,1398,65335,2921,75477,3849,95562,4472,40764,3441,33.3
310M300US29200,29200,"Lafayette-West Lafayette, IN ",80560,1877,48745,2077,37076,1936,31815,2596,51410,1534,65538,4634,81400,6903,29908,3457,68864,3569,85278,6012,N,N,40292,3910,29.2
310M300US29300,29300,"LaGrange, GA ",24493,1292,16980,1467,N,N,7513,1361,42371,8429,51564,3681,65310,3656,24993,11148,56650,4431,65821,5803,N,N,34576,5690,47.8
310M300US29340,29340,"Lake Charles, LA ",79226,2358,51439,2622,34483,2710,27787,2588,46005,2664,53859,4560,75246,8489,25875,3443,61882,3342,73220,4972,N,N,37254,4010,48.1
310M300US29380,29380,"Lake City, FL ",24215,1165,15027,1370,N,N,9188,1152,42019,5563,55375,7839,61453,4046,27382,6924,63101,9077,72633,10398,N,N,43730,15348,50.1
310M300US29420,29420,"Lake Havasu City-Kingman, AZ ",84876,2775,52190,3283,39404,3156,32686,2515,42423,2342,52863,3219,57697,2553,25855,2733,57530,3945,67573,5803,N,N,39416,4637,38.2
310M300US29460,29460,"Lakeland-Winter Haven, FL ",226429,3850,152878,4579,112157,4360,73551,4083,46355,1347,54718,2352,64546,1830,30485,1812,61587,2062,69902,2835,80140,3400,40821,2712,44.2
310M300US29540,29540,"Lancaster, PA ",196807,2063,136226,2974,109776,3261,60581,2949,61335,1450,71683,1908,79602,2583,36061,1996,79344,2506,91505,3793,100599,4369,48717,3365,36.6
310M300US29620,29620,"Lansing-East Lansing, MI ",185389,2102,108539,3095,81605,2912,76850,3420,53296,1334,69891,2143,82428,2676,34131,2026,69858,1702,86330,2562,99054,2848,44129,2842,30.8
310M300US29700,29700,"Laredo, TX ",73483,1469,58624,1859,37816,2118,14859,1611,35659,2932,38211,4356,50215,5012,22051,3376,53833,3242,56606,3877,N,N,39172,5968,34.9
310M300US29740,29740,"Las Cruces, NM ",75759,2038,52662,2712,36101,2813,23097,2467,37496,3647,47776,4534,59169,4785,21560,3531,56328,5012,64198,6342,76854,8572,36277,5321,23.8
310M300US29820,29820,"Las Vegas-Henderson-Paradise, NV ",755258,5554,481207,6429,324652,6537,274051,5578,54384,1187,63789,1431,76024,1350,36144,915,72277,1380,81734,1773,95760,2216,51407,2025,37.5
310M300US29860,29860,"Laurel, MS ",31111,1451,21528,1625,N,N,9583,1324,40954,4945,56236,8476,66267,3882,19090,3245,58432,5487,70512,7115,N,N,29770,5022,35.7
310M300US29940,29940,"Lawrence, KS ",45572,1406,24547,1413,N,N,21025,1706,56345,4195,77045,11320,96653,7448,30881,4401,73186,5025,96796,8554,N,N,42979,6131,27.2
310M300US30020,30020,"Lawton, OK ",45111,1590,29936,1949,21095,1924,15175,1775,50980,5024,66568,4656,77756,7588,32977,4338,66077,4751,73890,5114,N,N,46784,8616,28.2
310M300US30140,30140,"Lebanon, PA ",51143,1532,35259,1876,26572,1769,15884,1599,57248,3200,67379,4071,77815,5539,33221,6830,70452,4314,80292,5219,N,N,44019,5654,39.9
310M300US30300,30300,"Lewiston, ID-WA ",26373,986,15992,1043,N,N,10381,1357,47869,3825,59326,4918,68729,5774,31838,5664,58362,4752,69890,7256,N,N,37532,5393,36.6
310M300US30340,30340,"Lewiston-Auburn, ME ",44917,1105,27677,1472,N,N,17240,1504,49081,3530,58914,4771,66526,4374,31940,2210,61439,3823,72167,5291,N,N,40487,4412,24.4
310M300US30460,30460,"Lexington-Fayette, KY ",197789,2430,124625,2872,90512,3013,73164,3178,53769,2225,70055,2007,84548,2715,34765,2272,76261,2266,92618,3497,109779,4360,46277,2644,27.2
310M300US30620,30620,"Lima, OH ",39982,1213,25773,1646,17984,1365,14209,1466,47592,4051,56929,2413,71389,5161,25425,2790,60919,4362,71761,6397,N,N,39122,6542,37.1
310M300US30700,30700,"Lincoln, NE ",128292,2185,78891,2403,61446,2048,49401,2901,59344,2572,76474,3123,88709,3479,31323,1897,76092,2850,94004,4400,N,N,44760,3584,28.2
310M300US30780,30780,"Little Rock-North Little Rock-Conway, AR ",285036,3859,184609,4740,131008,4551,100427,4491,51501,1293,65696,2640,84191,2652,31273,1555,70787,2316,85558,2870,104186,3943,41412,2853,33.6
310M300US30860,30860,"Logan, UT-ID ",41158,970,31312,1400,N,N,9846,1405,57414,4159,62705,3498,66850,3469,34265,6757,73161,5229,79263,5208,N,N,50093,12997,30.3
310M300US30940,30940,"London, KY ",44859,1819,32313,1881,22283,1931,12546,1500,32935,3671,43231,9925,58284,6249,18531,4276,50000,6241,57301,8644,N,N,27410,3522,36.6
310M300US30980,30980,"Longview, TX ",77356,1738,52824,2596,38352,2541,24532,2210,45773,2106,54125,4123,69407,4182,26215,1666,64374,3434,73046,3671,N,N,42821,7264,30.7
310M300US31020,31020,"Longview, WA ",40170,934,27101,1671,N,N,13069,1644,50637,4377,64239,6083,75124,4483,25530,2834,65490,4583,77111,5622,N,N,38288,6194,29
310M300US31080,31080,"Los Angeles-Long Beach-Anaheim, CA ",4337807,9691,2940275,14253,2047138,17235,1397532,15729,65950,495,74387,885,91003,854,45432,808,95358,795,106191,929,124690,1156,66806,1182,38.1
310M300US31140,31140,"Louisville/Jefferson County, KY-IN ",501827,3763,317843,5412,229171,5821,183984,5083,54546,1410,71113,1424,84564,2640,33120,1664,74931,1727,90735,2209,106276,2615,44921,1967,32.5
310M300US31180,31180,"Lubbock, TX ",116122,2219,72927,2855,49798,2225,43195,3490,48671,2330,58260,4431,75998,5220,31134,2688,67982,2987,79415,3724,96155,4767,45413,5773,38.4
310M300US31260,31260,"Lufkin, TX ",30210,1391,19611,1763,N,N,10599,1588,41161,7072,51771,3509,60561,8821,23073,4014,55000,5037,63397,5516,N,N,37609,10430,31.9
310M300US31300,31300,"Lumberton, NC ",45123,984,30745,1458,18453,1472,14378,1211,34254,3090,41239,3428,54055,3941,18146,2236,47961,3168,54349,4621,63658,5536,29791,3351,42.6
310M300US31340,31340,"Lynchburg, VA ",97679,2484,64463,2778,49728,2345,33216,2640,48530,2849,64865,5800,77162,4001,27406,2809,64799,3004,78704,4165,90519,4152,36661,3574,37
310M300US31420,31420,"Macon-Bibb County, GA ",86633,2299,52510,2662,34900,2353,34123,2430,39973,2275,54204,3929,72157,4314,25405,1828,58904,4054,71463,5984,89800,7764,37966,5110,38.5
310M300US31460,31460,"Madera, CA ",44369,1495,34099,1872,N,N,10270,1461,51657,5660,55588,6139,66347,7185,32255,7968,67604,4654,71500,5748,N,N,48201,10453,36.1
310M300US31540,31540,"Madison, WI ",265172,2777,155704,3164,125303,3145,109468,3529,68497,2254,88599,2450,99307,2268,42620,1859,88678,2877,107686,3302,119848,3711,59357,4413,25.2
310M300US31700,31700,"Manchester-Nashua, NH ",158777,1766,106399,2952,82848,2917,52378,2916,76254,2139,92333,3947,104471,2717,41414,3545,93120,2728,109099,3918,N,N,54963,3455,29.4
310M300US31740,31740,"Manhattan, KS ",34357,1548,19915,1542,N,N,14442,1623,52720,4907,78847,4288,85082,10030,28959,3728,70951,5726,93250,7347,N,N,39506,7079,25.1
310M300US31820,31820,"Manitowoc, WI ",34234,955,21357,1125,N,N,12877,1095,51752,3996,64819,6000,71979,5114,33191,4852,63032,3208,75593,4004,N,N,40186,3947,31
310M300US31860,31860,"Mankato-North Mankato, MN ",37898,1128,23213,1054,N,N,14685,1233,57833,5488,73854,3579,83513,4288,36043,2846,72338,3458,87795,4744,N,N,43833,4434,33.2
310M300US31900,31900,"Mansfield, OH ",48437,1420,32427,1734,23797,1548,16010,1486,44073,2979,53384,3672,62062,5304,28698,4403,55670,3849,64539,5525,N,N,35398,5516,33.9
310M300US31940,31940,"Marinette, WI-MI ",28955,1118,16904,936,13092,932,12051,1119,41145,2515,55122,4938,63425,2478,26326,3128,56015,5494,65073,4089,N,N,40768,11003,32.1
310M300US31980,31980,"Marion, IN ",26528,1025,16927,1475,N,N,9601,1299,37117,4061,46111,5362,55057,7554,24509,5319,49367,3434,58657,4444,N,N,29871,3210,44.7
310M300US32020,32020,"Marion, OH ",25114,1713,15160,1601,N,N,9954,1483,42826,4098,56967,3627,62660,5401,21145,4288,54192,4120,67194,5453,N,N,33321,4313,36.9
310M300US32100,32100,"Marquette, MI ",25822,873,15488,824,N,N,10334,772,51275,3112,69191,8488,81109,6258,30397,2994,63954,5203,79646,8209,N,N,39239,3977,37.7
310M300US32220,32220,"Marshall, TX ",23742,1173,18195,1272,N,N,5547,1070,46548,6437,51997,6091,61716,3780,27069,4446,57647,4262,63880,5658,N,N,34928,7139,36.7
310M300US32300,32300,"Martinsville, VA ",28162,1478,18107,1605,N,N,10055,1555,35018,3514,43569,4765,50294,5353,24081,4975,49572,4195,57628,5782,N,N,32748,4316,42.5
310M300US32420,32420,"Mayagüez, PR ",35033,1748,21959,1730,N,N,13074,1805,15500,1859,20351,1657,26664,5761,8579,1710,24751,2254,30793,3685,N,N,13969,2371,29.1
310M300US32580,32580,"McAllen-Edinburg-Mission, TX ",234716,4137,189838,4632,124306,4629,44878,3505,36176,1801,39458,2849,48029,2834,21451,2046,53230,2626,55703,2774,64050,3324,36222,5599,32.7
310M300US32740,32740,"Meadville, PA ",33955,1132,20970,1229,16458,966,12985,1128,45410,3154,57133,2212,63673,4534,29901,3141,61696,3862,73802,4645,N,N,40370,6653,34
310M300US32780,32780,"Medford, OR ",86745,1916,54823,3021,43049,3034,31922,2572,48563,2982,62364,3549,72490,4394,29384,2946,66160,4231,81279,6262,N,N,37030,2957,31.5
310M300US32820,32820,"Memphis, TN-MS-AR ",501107,4880,326515,6098,209594,5070,174592,6333,49809,1446,61304,1467,81951,1555,30964,859,70148,1671,82604,2351,105474,3208,43693,1974,37.8
310M300US32900,32900,"Merced, CA ",77713,1471,60046,2166,39937,2280,17667,2003,47739,3931,52241,3271,65822,4294,24875,2691,70672,4946,75822,5713,N,N,47909,9491,42.4
310M300US32940,32940,"Meridian, MS ",37269,1870,24849,1805,N,N,12420,1701,40105,4588,49340,7698,69701,9162,22180,1858,54121,4217,63074,4977,N,N,33936,6718,40.6
310M300US33100,33100,"Miami-Fort Lauderdale-West Palm Beach, FL ",2098686,10758,1373440,13640,922344,12692,725246,11809,51362,402,60732,762,76303,1175,34101,1177,78733,1034,89641,1435,108414,2078,54159,1638,36.4
310M300US33140,33140,"Michigan City-La Porte, IN ",42074,1553,27635,1849,19158,1499,14439,1576,53507,4244,66243,4641,78941,6577,30736,3474,67659,3744,75775,4241,N,N,47356,6863,37.8
310M300US33220,33220,"Midland, MI ",34381,705,22826,1133,N,N,11555,1128,57269,5100,70214,3804,77290,5877,28777,4456,78311,5507,94850,8041,N,N,43244,6230,30.3
310M300US33260,33260,"Midland, TX ",57814,1415,40110,2093,N,N,17704,2171,65224,4982,74417,11938,96783,9402,42391,5830,98224,7168,111122,9680,N,N,62683,9252,32
310M300US33340,33340,"Milwaukee-Waukesha-West Allis, WI ",626328,3789,384749,5908,274380,6214,241579,6122,58029,1407,77400,1698,94225,1802,34473,1300,81614,1711,100412,2237,120134,2888,48966,2047,33.7
310M300US33460,33460,"Minneapolis-St. Paul-Bloomington, MN-WI ",1363277,5547,867636,7581,683564,7513,495641,7992,73231,899,93444,1342,106498,1039,42491,1082,95984,1114,115928,1760,130430,2053,57302,1254,28.3
310M300US33500,33500,"Minot, ND ",31479,1506,19555,1596,N,N,11924,1544,62763,5170,79200,7122,89122,8310,37569,5985,77825,5855,93306,9067,N,N,48449,7525,34.9
310M300US33540,33540,"Missoula, MT ",47725,1317,26386,1890,N,N,21339,1897,46550,3420,68947,9655,82164,6661,30028,3500,70910,5434,94443,8788,N,N,40536,5679,26
310M300US33660,33660,"Mobile, AL ",157141,2741,102206,3373,68547,3118,54935,3134,45744,2458,56978,3010,73812,4532,26453,1420,61800,2001,73045,2917,89549,3891,39132,3203,36.9
310M300US33700,33700,"Modesto, CA ",172881,1805,131103,3234,92928,4088,41778,2869,54305,2381,60689,2045,74163,3182,28489,3718,73567,2947,79852,3060,93336,3756,46748,5155,33.4
310M300US33740,33740,"Monroe, LA ",62201,2079,40636,2598,25078,2339,21565,2321,38004,2411,48189,3078,72235,6006,22072,2619,55702,3947,65879,4664,87856,6234,34358,7255,31.3
310M300US33780,33780,"Monroe, MI ",58789,1096,40871,1818,31971,2011,17918,1635,60799,4601,74347,3660,81557,3971,30678,6663,74036,4055,87556,5015,N,N,40277,3776,29.5
310M300US33860,33860,"Montgomery, AL ",145847,2525,93269,3353,61557,2847,52578,3786,47265,2235,62046,3669,85137,3681,27316,1976,66848,2930,82020,4008,N,N,38045,3411,35.8
310M300US33980,33980,"Morehead City, NC ",27506,1324,17826,930,N,N,9680,1080,51206,4429,63185,5483,73683,6943,26804,4645,64471,4364,77922,5617,N,N,37013,4651,29
310M300US34060,34060,"Morgantown, WV ",50521,1644,28357,1889,N,N,22164,1805,50120,3623,70162,5528,83410,4749,26976,4555,74169,6419,97621,9890,N,N,42039,6662,30.6
310M300US34100,34100,"Morristown, TN ",43944,1511,29718,1905,N,N,14226,1658,44348,3690,54424,4423,60146,5034,20636,3135,56750,5980,68222,8844,N,N,31058,4341,33.2
310M300US34180,34180,"Moses Lake, WA ",28351,1435,20588,1517,N,N,7763,1043,48335,3255,51462,2967,61641,10694,25486,3748,61186,4417,67148,5369,N,N,39398,8932,40.7
310M300US34340,34340,"Mount Airy, NC ",28261,1086,19936,1376,N,N,8325,1145,36802,3150,48957,4401,57185,6867,17446,3237,59268,7256,72663,9885,N,N,26185,4109,33.4
310M300US34380,34380,"Mount Pleasant, MI ",23920,955,13183,910,N,N,10737,973,41868,2998,55918,3763,68614,4304,23364,2866,57935,4631,77190,8441,N,N,32311,3647,26.5
310M300US34580,34580,"Mount Vernon-Anacortes, WA ",46423,1167,30432,1551,N,N,15991,1421,60983,3697,74454,4255,82851,6207,37682,4597,77921,4739,90139,6163,N,N,50263,5735,27.9
310M300US34620,34620,"Muncie, IN ",46720,1458,26626,1618,N,N,20094,1755,41041,3086,56569,3865,70411,6046,24768,3002,56602,5024,70966,6674,N,N,36378,6891,41.2
310M300US34740,34740,"Muskegon, MI ",65437,1620,42415,2117,29228,1702,23022,2039,44264,1790,52287,2556,66979,2928,25888,2503,56512,2525,64488,2724,N,N,37260,5717,35.1
310M300US34780,34780,"Muskogee, OK ",26000,853,17898,1196,N,N,8102,985,40860,3275,51624,3744,61086,5050,19778,3401,54551,4409,66218,6236,N,N,26485,3361,42.9
310M300US34820,34820,"Myrtle Beach-Conway-North Myrtle Beach, SC-NC ",179893,3632,116020,3841,89900,2987,63873,3791,46787,1892,58837,2871,68702,2582,28999,1991,62949,2579,74754,3769,N,N,39763,2990,33.4
310M300US34860,34860,"Nacogdoches, TX ",23080,1302,14520,1484,N,N,8560,1176,35562,4643,51377,6240,66872,10146,22388,3552,54215,7971,69014,11684,N,N,27547,3700,25.2
310M300US34900,34900,"Napa, CA ",49561,1328,32419,1705,24905,1734,17142,1467,75077,8742,94458,5983,106628,5731,45103,6111,106368,5411,122909,8108,N,N,66682,5879,35.8
310M300US34940,34940,"Naples-Immokalee-Marco Island, FL ",139522,4307,91425,4073,74671,3947,48097,3070,61228,3372,73678,5005,86098,4455,40569,3230,102009,7313,119871,10953,N,N,65710,6200,37.5
310M300US34980,34980,"Nashville-Davidson--Murfreesboro--Franklin, TN ",706627,4671,466271,7478,349074,7524,240356,6875,60030,1284,73343,1362,85844,2083,37885,1821,82049,1499,96326,1956,110271,2218,51253,1839,38.9
310M300US35100,35100,"New Bern, NC ",49233,1756,33036,1908,N,N,16197,1535,47710,3047,57170,7107,71213,3133,27017,5535,63476,4897,73679,5246,N,N,41152,8789,30.7
310M300US35260,35260,"New Castle, PA ",35861,921,23510,1393,N,N,12351,1356,46918,3692,61151,2898,71397,5626,25202,2957,65697,5802,82336,8639,N,N,32833,3361,32.9
310M300US35300,35300,"New Haven-Milford, CT ",327560,3536,201826,4434,141479,3918,125734,4560,66176,1895,85330,3492,106037,2991,40252,2387,87686,2110,106567,3137,127532,4290,54082,2452,33.4
310M300US35380,35380,"New Orleans-Metairie, LA ",482980,4641,294916,6372,195828,5730,188064,5675,48804,1321,63235,2429,81787,1499,30013,1468,71718,1658,87470,2556,107724,3563,44781,1886,35.5
310M300US35420,35420,"New Philadelphia-Dover, OH ",34968,1304,23055,1250,N,N,11913,1296,50440,3963,60367,3892,69153,4245,27796,3154,58847,3241,67387,3901,N,N,38597,4367,36.5
310M300US35620,35620,"New York-Newark-Jersey City, NY-NJ-PA ",7118024,16958,4674386,21846,3287317,19229,2443638,22809,71897,442,87359,765,109319,996,44134,1016,105887,708,123006,977,147165,1193,68600,920,41.9
310M300US35660,35660,"Niles-Benton Harbor, MI ",62538,1519,39975,1891,29517,1818,22563,1926,47083,2222,62579,3456,80496,4739,26850,2107,67902,2933,83495,4580,N,N,38449,3640,36.4
310M300US35840,35840,"North Port-Sarasota-Bradenton, FL ",318656,5263,202868,4817,161825,4848,115788,4494,53625,1657,66679,2373,77946,3723,32546,1486,77565,2366,93181,3355,104371,4024,47460,2883,42.6
310M300US35900,35900,"North Wilkesboro, NC ",28771,1344,19566,1644,N,N,9205,1261,41332,4980,52621,6336,63723,4299,20501,4427,51346,4553,61425,5800,N,N,27552,4395,31.3
310M300US35980,35980,"Norwich-New London, CT ",105113,2058,67352,2906,49902,2565,37761,2552,70699,2817,90528,4712,110283,4755,39985,5499,94956,4203,113932,5584,N,N,56165,4639,32.2
310M300US36020,36020,"Oak Harbor, WA ",33365,1431,23734,1448,N,N,9631,1101,64813,3464,69549,5578,74777,4587,39938,9844,81722,7411,89661,9159,N,N,56831,7744,32.9
310M300US36100,36100,"Ocala, FL ",134239,3539,88342,3577,66977,3373,45897,3576,39383,1632,47213,3212,54740,5724,25184,2384,54181,2568,62933,3616,69955,4423,34137,3085,33.8
310M300US36140,36140,"Ocean City, NJ ",38895,2016,25231,1862,N,N,13664,1543,62548,5723,78626,7593,92760,8779,37943,3938,87477,6426,105879,8644,N,N,48567,4053,36.9
310M300US36220,36220,"Odessa, TX ",51012,1394,33158,2146,N,N,17854,2181,53254,5866,69569,6744,83282,7693,30604,3861,79688,11156,84517,8293,N,N,67737,26557,28
310M300US36260,36260,"Ogden-Clearfield, UT ",203877,2055,160119,3205,131791,3435,43758,3058,70227,2078,78291,2731,86964,2722,37197,2025,84503,2378,92300,2427,100711,2781,50519,5625,26.2
310M300US36300,36300,"Ogdensburg-Massena, NY ",40479,1519,26548,1628,18412,1326,13931,1128,51592,1922,60475,5079,72624,5456,28774,4393,64088,4197,71713,4182,N,N,45696,9069,32.1
310M300US36420,36420,"Oklahoma City, OK ",510666,4563,329011,6277,243388,5621,181655,5710,55065,967,68797,1621,83145,1783,32252,1065,73463,1325,88428,1907,103095,2336,43767,1888,37.2
310M300US36460,36460,"Olean, NY ",31409,1137,19505,1091,13993,896,11904,1136,46842,3719,57699,5563,72245,3426,25977,3304,57722,2620,69266,3512,N,N,36092,3385,26.8
310M300US36500,36500,"Olympia-Tumwater, WA ",105863,1975,70854,2815,57383,2753,35009,2798,65783,2620,78748,4314,85151,3320,38932,2991,79165,2881,91107,3733,N,N,50672,4561,31.1
310M300US36540,36540,"Omaha-Council Bluffs, NE-IA ",352723,2741,227804,3484,171492,4327,124919,3876,62247,1366,81036,1578,94824,2096,35727,1254,81667,1508,99164,2161,113116,2715,46557,1878,30.7
310M300US36660,36660,"Opelousas, LA ",30302,1333,20724,1404,N,N,9578,1324,31207,1842,40454,5131,58386,9131,17301,2821,47493,3684,56965,5241,N,N,26207,3928,32.8
310M300US36700,36700,"Orangeburg, SC ",33449,1347,18928,1555,N,N,14521,1502,32450,4533,44155,5465,58178,6419,15208,4807,46106,5205,61317,8380,N,N,25050,3688,39.2
310M300US36740,36740,"Orlando-Kissimmee-Sanford, FL ",862521,6845,575638,9554,405176,8487,286883,8366,52385,963,61265,1085,75194,1845,35886,1015,71881,1403,81597,1925,95783,2704,48664,1771,38.8
310M300US36780,36780,"Oshkosh-Neenah, WI ",69943,1442,42028,1985,32273,1730,27915,1557,56754,2217,76020,2979,86669,4894,32068,2978,75399,5273,95605,8642,N,N,42712,2924,31.6
310M300US36860,36860,"Ottawa-Peru, IL ",60800,1364,40776,1840,31208,1692,20024,1420,56879,3272,70129,2687,79691,3307,29173,3021,66478,2384,79473,3094,N,N,37729,3346,36
310M300US36980,36980,"Owensboro, KY ",46803,1443,31185,1755,23720,1796,15618,1444,52328,3957,66252,4261,77041,4839,27448,4932,68353,4967,83861,7140,N,N,33677,3407,32.9
310M300US37020,37020,"Owosso, MI ",28071,602,20027,949,14627,918,8044,886,53244,2964,60989,3472,71463,5804,26610,4105,66951,4597,75610,5553,87175,7362,40612,9211,32.2
310M300US37100,37100,"Oxnard-Thousand Oaks-Ventura, CA ",268091,2469,193342,4354,146295,3726,74749,3763,80135,2823,92027,2530,108021,2437,46248,4840,105609,2556,117966,3454,134243,3630,63523,3914,36.9
310M300US37140,37140,"Paducah, KY-IL ",41521,1631,25304,1616,N,N,16217,1442,40126,3990,57708,5829,69838,5435,20207,3780,57732,4157,73761,6286,N,N,30334,3763,41.6
310M300US37260,37260,"Palatka, FL ",28025,1357,17791,1679,N,N,10234,1430,38239,2371,43013,6395,55129,5958,24207,4271,48699,4731,56355,6101,N,N,32175,5609,37.1
310M300US37340,37340,"Palm Bay-Melbourne-Titusville, FL ",226021,4123,144690,4361,110665,4403,81331,3904,51184,1372,62029,2730,73093,4749,31164,1564,70367,2389,81651,3082,N,N,47075,3293,37.5
310M300US37460,37460,"Panama City, FL ",75906,2970,46898,2939,34633,2700,29008,2882,47548,3014,59919,3439,72528,5198,30211,3428,64099,3846,75967,4408,N,N,42906,5411,39.4
310M300US37620,37620,"Parkersburg-Vienna, WV ",37097,1398,23266,1542,N,N,13831,1427,46594,4801,57413,4983,68441,5282,29906,4731,63235,5196,75110,7531,N,N,40697,5186,30.9
310M300US37860,37860,"Pensacola-Ferry Pass-Brent, FL ",180519,3307,116704,3269,84931,3664,63815,3395,50496,1760,65115,2792,75008,3230,31625,1579,67315,2425,79458,3352,90637,4134,43032,3612,26.4
310M300US37900,37900,"Peoria, IL ",151258,2081,99518,3033,74397,3037,51740,2700,57090,1650,72365,2656,85454,2853,34292,2845,74377,2298,88516,2967,102344,3243,44784,3419,35.7
310M300US37980,37980,"Philadelphia-Camden-Wilmington, PA-NJ-DE-MD ",2241237,8166,1447063,9856,1022919,9724,794174,10142,65996,762,84768,1069,105330,1107,38397,1007,91816,884,110823,1230,132068,1530,53620,1158,36.2
310M300US38060,38060,"Phoenix-Mesa-Scottsdale, AZ ",1653483,9881,1095850,11880,793283,11197,557633,10987,58075,803,68583,1021,81920,1053,38437,1133,80235,1083,91377,1474,106192,1969,53866,1300,37.6
310M300US38220,38220,"Pine Bluff, AR ",33901,1686,21726,1683,N,N,12175,1230,37076,4932,48014,5416,64450,6109,19514,3302,51185,4005,61882,5777,N,N,29181,4157,38
310M300US38240,38240,"Pinehurst-Southern Pines, NC ",38786,1543,25308,1807,N,N,13478,1437,52279,6246,74000,7868,83309,10264,26942,4410,72904,6046,90760,8598,N,N,38049,4036,29.8
310M300US38300,38300,"Pittsburgh, PA ",984297,5821,595333,6201,455280,6204,388964,5916,56063,857,74596,1194,87668,1702,32005,599,75705,846,93982,1266,107706,1563,45435,1181,33.5
310M300US38340,38340,"Pittsfield, MA ",54204,1712,32036,1862,22744,1479,22168,1735,58418,5018,76825,3630,86990,6884,35701,4053,76180,3658,94632,5548,N,N,47369,3708,37.6
310M300US38460,38460,"Plattsburgh, NY ",30624,1203,20266,1295,N,N,10358,1233,55316,4840,64266,7148,72724,5003,32279,4492,65214,4162,73337,5313,N,N,43961,5759,38.1
310M300US38540,38540,"Pocatello, ID ",30106,1132,19480,1506,N,N,10626,1378,48429,2865,59198,6699,71044,9140,31238,8733,64287,6989,71085,4828,N,N,50868,17218,33.1
310M300US38660,38660,"Ponce, PR ",105240,2291,73871,2398,39553,2386,31369,2069,17533,978,20867,1417,27641,2154,9814,835,25663,1810,28868,2494,37688,4245,16234,1717,28.8
310M300US38820,38820,"Port Angeles, WA ",31837,1051,19061,1455,N,N,12776,1374,48587,5198,62582,6983,68324,7328,29349,3201,60096,4117,73423,5290,N,N,37706,4719,38.8
310M300US38860,38860,"Portland-South Portland, ME ",216799,3515,131541,3635,104327,3925,85258,3624,63422,3106,81551,2619,91680,3301,38409,2098,82141,2506,98315,3317,N,N,54278,3589,29.1
310M300US38900,38900,"Portland-Vancouver-Hillsboro, OR-WA ",918590,5062,588688,8007,460686,7088,329902,7625,68676,1175,82734,1300,95277,1529,42975,1696,90488,1165,104947,1760,118044,2069,59941,1661,28.6
310M300US38940,38940,"Port St. Lucie, FL ",174593,4298,113000,4573,86296,4310,61593,4083,48746,2385,55958,3001,62455,2987,32322,3063,68880,2778,79901,4009,N,N,46339,3452,39.3
310M300US39020,39020,"Portsmouth, OH ",29904,1206,20049,1307,N,N,9855,1343,39210,3689,50539,6210,68524,10796,18621,5003,54291,6238,66682,8893,N,N,25434,3398,30.6
310M300US39060,39060,"Pottsville, PA ",58149,1566,38214,1803,28091,1620,19935,1578,50684,1785,61340,2545,72548,4927,27056,2834,60421,2555,71455,3298,N,N,35971,2291,42.3
310M300US39140,39140,"Prescott, AZ ",94962,2874,60320,2688,51449,2519,34642,2573,50420,2583,62235,4954,66440,3825,25314,3310,65804,4471,80684,6681,N,N,36668,4654,45.3
310M300US39300,39300,"Providence-Warwick, RI-MA ",622471,4640,389301,5639,274481,6597,233170,6306,61948,1199,80028,1927,97605,2432,35098,1687,82478,1765,98863,2212,117124,2704,50804,2212,38.7
310M300US39340,39340,"Provo-Orem, UT ",160979,1602,131188,2431,113392,2762,29791,2383,69288,2343,74879,2000,80047,2956,35121,4153,84429,2544,91144,2729,96572,2970,48906,4317,29.2
310M300US39380,39380,"Pueblo, CO ",62275,1632,37762,2058,27151,1777,24513,1881,44677,3547,61361,5464,75037,5049,29408,3065,59601,2746,73614,4534,N,N,36159,3141,38.3
310M300US39460,39460,"Punta Gorda, FL ",75147,2941,46849,2683,N,N,28298,2341,44200,2614,53956,3911,58401,4603,31180,1669,65643,4595,77691,7152,N,N,44554,4909,35.7
310M300US39500,39500,"Quincy, IL-MO ",30899,943,20510,990,N,N,10389,980,50753,2502,61722,5166,70657,6819,29058,3753,68841,4867,82019,6578,N,N,40007,5315,33.7
310M300US39540,39540,"Racine, WI ",75921,1566,51582,2215,37680,2159,24339,2078,55706,2292,65326,3985,77815,4471,32995,4347,70257,3049,79464,3927,N,N,46043,4930,32.1
310M300US39580,39580,"Raleigh, NC ",477920,5003,322564,5783,249661,5992,155356,5470,71685,1762,87547,2504,100484,2689,45790,2061,93733,2474,109062,3189,125206,4085,58694,3097,28.5
310M300US39660,39660,"Rapid City, SD ",56614,1888,35723,2019,27100,1924,20891,1852,51097,2853,64616,4551,76500,4294,31476,2372,66461,4147,81703,6014,N,N,38440,3024,27.9
310M300US39740,39740,"Reading, PA ",150402,2168,102478,2716,74186,2296,47924,2540,59286,2689,71795,2475,88174,3021,36853,1975,76779,2703,89282,3915,104518,4685,45662,2300,37.1
310M300US39820,39820,"Redding, CA ",72095,1299,46527,2057,35599,2047,25568,2012,46724,2821,58264,4100,67541,4885,27391,2765,64293,3129,76226,4185,N,N,40064,4906,30.6
310M300US39900,39900,"Reno, NV ",176627,1918,110829,3138,84094,3171,65798,3226,58056,2222,73512,3143,85312,3176,34773,3114,81471,3716,98592,5187,113341,6568,48926,3329,32.2
310M300US39980,39980,"Richmond, IN ",26538,1149,16785,1255,N,N,9753,1150,43401,4479,57121,5596,67122,3594,21976,2562,56553,3721,69049,4675,N,N,33659,5873,34.5
310M300US40060,40060,"Richmond, VA ",486877,4967,310544,5719,223663,5129,176333,5226,62929,1906,81279,1777,97901,2091,37863,1798,85866,2431,104313,3294,122902,3967,50995,2009,36.1
310M300US40080,40080,"Richmond-Berea, KY ",39499,1332,26742,1806,N,N,12757,1663,43687,3750,51783,4969,65508,8401,25866,4242,55993,3748,64664,5603,N,N,35290,4213,26.7
310M300US40140,40140,"Riverside-San Bernardino-Ontario, CA ",1348213,6103,1002888,8195,705913,7760,345325,7941,58236,1104,65557,836,77541,1533,32742,1569,76407,1028,83333,1145,95794,1718,49162,1602,39.7
310M300US40220,40220,"Roanoke, VA ",127319,2455,79500,3555,60559,2966,47819,2923,50551,2407,66988,3494,78035,5264,30327,2774,67724,3228,83254,4395,N,N,39914,3603,36.7
310M300US40260,40260,"Roanoke Rapids, NC ",30670,1125,19249,1365,N,N,11421,1600,33866,3815,39355,4626,52009,5511,25094,6492,47399,3948,55594,5437,N,N,32100,5646,37.2
310M300US40340,40340,"Rochester, MN ",85948,1130,56244,1858,45884,2003,29704,1711,70078,3145,85145,4009,97244,4849,38260,3252,87929,2954,106068,4730,118146,4983,49846,3885,27
310M300US40380,40380,"Rochester, NY ",430873,3710,265987,4449,190583,4664,164886,4312,55134,1242,71312,2080,86665,2260,34152,2136,73324,1576,88476,1939,105045,2594,45937,2048,34
310M300US40420,40420,"Rockford, IL ",133670,2234,89469,2525,61884,2643,44201,2525,50324,1726,59810,2728,73930,4788,29271,2385,67840,3380,79613,4849,92765,6297,40394,2618,35.1
310M300US40580,40580,"Rocky Mount, NC ",56153,2125,37775,2870,24627,2228,18378,2364,38972,3382,51474,2691,68016,5809,18002,2537,55766,3616,65004,3615,N,N,33608,8185,34.2
310M300US40660,40660,"Rome, GA ",35411,1199,24605,1502,N,N,10806,1460,49865,6375,61248,4537,68668,4460,25674,4253,66817,7800,80784,10413,N,N,31812,4761,40.1
310M300US40700,40700,"Roseburg, OR ",43818,1380,27673,1917,N,N,16145,1891,42889,3357,52832,6518,64154,6134,23681,5450,60183,6176,71159,9106,N,N,39752,7478,41.8
310M300US40740,40740,"Roswell, NM ",22516,1187,15342,1519,N,N,7174,1233,40960,4319,49186,5746,67145,16795,19026,4868,53516,8112,63937,10704,N,N,28151,4743,34.8
310M300US40780,40780,"Russellville, AR ",30654,1182,18499,1532,N,N,12155,1596,39926,5021,53493,7362,61038,7425,19897,5282,56163,5136,70514,7145,N,N,33119,7303,43.2
310M300US40900,40900,"Sacramento--Roseville--Arden-Arcade, CA ",816902,4487,540615,6743,393633,7437,276287,6964,64052,1504,79003,2218,95047,2092,42038,1236,88802,1580,102086,2158,118851,2830,58543,2352,31.3
310M300US40980,40980,"Saginaw, MI ",78494,1405,49628,2017,36104,1734,28866,1911,45849,1783,59827,3396,73320,4253,26607,3054,60525,3597,74756,5563,N,N,34123,2507,36.9
310M300US41060,41060,"St. Cloud, MN ",74834,1216,46775,1598,37346,1650,28059,1676,56620,2741,71770,3240,81767,3152,33149,4643,72341,2711,87408,3915,N,N,44416,3503,36.3
310M300US41100,41100,"St. George, UT ",51774,2021,39468,2225,N,N,12306,1616,55056,3714,63489,5426,70769,4443,27115,7778,74494,5566,82993,6852,N,N,41259,9751,33.4
310M300US41140,41140,"St. Joseph, MO-KS ",48068,1224,29280,1737,22023,1485,18788,1675,49211,3148,60506,2660,72183,4055,28981,4613,63038,3877,77865,5722,N,N,37923,3347,35.2
310M300US41180,41180,"St. Louis, MO-IL ",1113234,6577,719178,8799,522092,8135,394056,8175,59780,991,76354,1300,93585,1621,35914,940,82171,1302,98752,1743,116599,2203,48885,1489,33.7
310M300US41400,41400,"Salem, OH ",41469,1478,29529,1717,22702,1777,11940,1615,47864,4294,58825,5253,68607,4152,24482,3060,59138,3857,67351,4536,N,N,36609,6721,29.9
310M300US41420,41420,"Salem, OR ",146078,2145,97441,2880,75035,2938,48637,2793,55903,2228,65289,2534,76779,2279,34825,3111,69622,2805,78879,3406,88409,3403,47777,4524,33
310M300US41500,41500,"Salinas, CA ",125740,2166,90571,3086,66573,3163,35169,2596,63876,3277,69706,3327,84276,3743,43366,4305,88289,3247,96461,4057,111090,4995,58703,4066,29.9
310M300US41540,41540,"Salisbury, MD-DE ",149074,3999,97818,3894,73591,3789,51256,3057,54738,2513,66334,2846,76870,3976,32862,2813,73416,2828,84731,3242,95776,3996,48830,4213,41.9
310M300US41620,41620,"Salt Lake City, UT ",386481,3049,275714,5392,210514,5835,110767,4822,68196,2045,76981,2069,88800,2634,41709,1513,88236,2421,98520,2573,109756,3226,57386,5312,28.9
310M300US41660,41660,"San Angelo, TX ",44044,1598,27891,1698,N,N,16153,1754,49096,4426,61069,4617,73131,8801,28206,3825,66259,4944,79115,7041,N,N,41929,6120,31.9
310M300US41700,41700,"San Antonio-New Braunfels, TX ",796140,5836,547029,7452,387201,7632,249111,7063,56105,1019,66789,1426,81131,1531,36089,1035,75910,1287,86605,1581,101903,2281,48477,1899,34.6
310M300US41740,41740,"San Diego-Carlsbad, CA ",1110568,6697,745752,9954,556722,9890,364816,8379,70824,995,81222,1355,95636,2020,50111,1687,96692,1397,108721,1989,124486,2459,66620,2164,34.2
310M300US41780,41780,"Sandusky, OH ",30682,1432,19403,1306,N,N,11279,1459,48949,5461,65293,6588,82285,10491,29255,4819,73232,8192,90276,12055,N,N,40780,7747,30.4
310M300US41860,41860,"San Francisco-Oakland-Hayward, CA ",1691781,7439,1093856,9765,837186,10902,597925,9827,96677,1273,112511,2023,132985,2605,63152,1992,133176,1636,152532,1900,173125,2427,90969,2131,33.5
310M300US41900,41900,"San Germán, PR ",43167,2241,29983,2143,N,N,13184,1658,16077,2179,19924,2288,24256,4364,9885,1255,24484,2044,27596,2759,N,N,15839,2396,22.3
310M300US41940,41940,"San Jose-Sunnyvale-Santa Clara, CA ",653296,3076,474247,5276,374931,6048,179049,5458,110040,2335,122172,1722,142418,3567,69645,3675,145317,2457,159818,3094,180148,3660,97622,3990,31.3
310M300US41980,41980,"San Juan-Carolina-Caguas, PR ",770603,7754,532887,8047,291538,7154,237716,6213,22455,540,26607,617,35758,1085,13007,481,35317,952,39503,1175,51494,1948,23005,1311,30.8
310M300US42020,42020,"San Luis Obispo-Paso Robles-Arroyo Grande, CA ",106312,2380,67493,2902,54125,3084,38819,2771,70564,2814,82368,6306,92880,5725,39776,4521,88338,3859,104338,5248,N,N,54334,5260,37.3
310M300US42100,42100,"Santa Cruz-Watsonville, CA ",96257,1860,60500,2839,45131,2817,35757,2699,77613,3780,92200,9555,106881,8017,48306,8023,106035,5961,122240,7124,N,N,73822,9616,33.1
310M300US42140,42140,"Santa Fe, NM ",60096,1582,33629,2035,24363,1718,26467,1943,57863,3432,68835,5812,91338,5725,42409,4395,82210,4458,98759,7421,N,N,57167,3822,35.4
310M300US42200,42200,"Santa Maria-Santa Barbara, CA ",142449,2099,96218,3159,71616,2942,46231,3013,67436,3312,74643,4860,88950,5896,42907,3713,93389,3519,104251,4981,120282,6645,63272,5058,35.6
310M300US42220,42220,"Santa Rosa, CA ",187504,2620,119397,3952,89820,3696,68107,3519,73929,2470,87812,3163,100037,4197,44299,4581,97005,3136,112781,4619,N,N,62162,3175,34.3
310M300US42340,42340,"Savannah, GA ",143081,1998,93685,3293,64383,3758,49396,3278,56535,2472,70895,6886,89050,3078,38597,2844,78870,3641,93284,5682,113037,7551,47626,3255,39.2
310M300US42540,42540,"Scranton--Wilkes-Barre--Hazleton, PA ",220572,3159,134942,3649,97988,3221,85630,3237,47422,1489,63075,2289,76765,2559,26500,1098,64659,1651,79043,2391,92527,3051,39101,2073,39.4
310M300US42620,42620,"Searcy, AR ",28221,1401,19571,1609,N,N,8650,1467,42844,6419,52917,5242,62140,4917,22108,6225,54969,3859,65763,4784,N,N,28235,4454,27.9
310M300US42660,42660,"Seattle-Tacoma-Bellevue, WA ",1464941,6415,926932,8738,720464,9344,538009,8931,78612,1063,95688,1336,110439,1489,50744,1000,104999,1473,122915,1785,139632,2134,69652,2374,28.6
310M300US42680,42680,"Sebastian-Vero Beach, FL ",55427,2857,34301,2439,N,N,21126,2052,49072,2243,61155,8099,68383,8323,28855,5551,79585,8921,99683,12711,N,N,46168,8699,38.2
310M300US42700,42700,"Sebring, FL ",38808,2109,24237,2164,N,N,14571,1804,36490,2471,43546,2243,51118,6490,22339,2080,48800,8376,58440,12656,N,N,31840,3924,30.6
310M300US42860,42860,"Seneca, SC ",31498,1248,21780,1480,N,N,9718,1468,43743,5449,54808,5238,67319,8530,22825,3506,64615,6949,75408,7206,N,N,38379,11167,32.8
310M300US42940,42940,"Sevierville, TN ",36098,1917,26043,2032,N,N,10055,1285,45609,2290,52349,4814,59455,3893,30124,4462,56756,4632,64131,6122,N,N,34703,4167,35.7
310M300US43060,43060,"Shawnee, OK ",25547,769,17228,901,12325,770,8319,795,41716,2449,51743,4668,63134,3469,26936,3944,56177,3245,66487,4581,N,N,31930,2517,30.2
310M300US43100,43100,"Sheboygan, WI ",47652,943,30584,1494,N,N,17068,1300,54059,2976,72368,3423,80193,5999,31270,2450,70716,2797,86613,4282,N,N,40283,3746,31.6
310M300US43140,43140,"Shelby, NC ",36405,1576,25746,1763,N,N,10659,1303,36992,2520,46611,4831,61047,2301,17114,2278,50519,5027,61094,6925,N,N,23640,2702,38.3
310M300US43300,43300,"Sherman-Denison, TX ",47135,1543,31836,1726,N,N,15299,1590,52095,2229,63526,5179,74059,7130,30481,5669,66350,4045,78605,5601,N,N,37363,3528,45.3
310M300US43320,43320,"Show Low, AZ ",33587,1656,24515,1606,14894,1369,9072,1174,36998,2626,44872,5292,63129,7228,21941,4624,51447,3597,56852,4186,N,N,34652,8970,36.8
310M300US43340,43340,"Shreveport-Bossier City, LA ",170899,3343,106647,3472,69093,3266,64252,3534,40445,1650,51035,3309,72092,4699,26488,2112,60048,2731,72399,3991,92588,5609,38315,4239,47.1
310M300US43420,43420,"Sierra Vista-Douglas, AZ ",50147,2119,32206,2008,22859,1716,17941,1944,45508,3151,50853,1893,65709,8273,28384,3368,55174,3071,62524,4295,N,N,39907,4433,26.1
310M300US43580,43580,"Sioux City, IA-NE-SD ",64589,1480,43647,1943,31865,2040,20942,1694,56687,3106,67198,3577,77973,4842,32401,4399,71687,3645,81849,5129,N,N,44803,5264,35.6
310M300US43620,43620,"Sioux Falls, SD ",98176,1534,62929,2105,50282,2172,35247,2143,63931,3104,81130,4153,90588,2640,35941,3541,80437,3336,96317,5095,N,N,49285,5565,26.8
310M300US43740,43740,"Somerset, PA ",29189,1127,19345,1135,15784,1013,9844,928,43871,2610,57193,3474,62021,2427,23501,2658,56742,3052,67505,3449,N,N,33683,3780,34.3
310M300US43780,43780,"South Bend-Mishawaka, IN-MI ",117259,2336,74217,2538,56287,2309,43042,2699,49117,2651,62200,4047,74666,4941,26930,1842,65996,2517,80004,3847,92282,4924,39968,3873,38.1
310M300US43900,43900,"Spartanburg, SC ",125096,2215,83260,2837,57568,2653,41836,2490,46554,2074,56933,2380,68234,3942,27642,2558,62093,3119,74584,4331,88530,5496,34285,2349,35.7
310M300US44060,44060,"Spokane-Spokane Valley, WA ",217598,2862,138738,3674,105595,3636,78860,3853,52955,1688,67175,2648,77343,2144,30775,1462,70319,2130,85855,3077,97955,3782,39494,1916,33.2
310M300US44100,44100,"Springfield, IL ",87484,1578,53408,2119,38103,1766,34076,2091,53798,3431,71923,6564,87721,4142,36292,3043,73642,3972,90644,5893,N,N,45264,3701,37.7
310M300US44140,44140,"Springfield, MA ",236790,2391,148360,3474,96024,3863,88430,3584,54855,2462,71457,2356,91386,3940,33572,2796,73278,1883,86301,2543,106310,3459,46675,2788,36.2
310M300US44180,44180,"Springfield, MO ",181989,2533,114537,3281,88915,3066,67452,3342,45337,1891,58181,2375,67224,2598,28728,3347,59915,2111,73195,3265,82294,3676,34922,1703,32.1
310M300US44220,44220,"Springfield, OH ",54548,1391,34748,1509,23874,1468,19800,1564,46811,3343,58475,5086,68360,5487,27292,3054,60848,3778,68995,4637,N,N,42690,6982,36.3
310M300US44300,44300,"State College, PA ",57410,1622,32850,1893,N,N,24560,1846,60266,3374,87504,8526,97458,6735,31735,2767,81724,5023,107464,6915,N,N,45036,6888,29.7
310M300US44340,44340,"Statesboro, GA ",26411,1512,16591,1359,N,N,9820,1396,43982,4583,51715,4912,67889,12000,22648,5641,55840,5163,68213,7195,N,N,31679,4643,36.3
310M300US44420,44420,"Staunton-Waynesboro, VA ",50508,1463,31329,1611,N,N,19179,1790,51147,3250,65084,3896,71820,6530,31617,4467,64560,3941,75807,5507,N,N,44996,6005,34.2
310M300US44620,44620,"Stevens Point, WI ",28009,616,17375,1024,N,N,10634,868,53655,3857,67681,9023,80219,8015,32188,5386,69242,4986,85387,7671,N,N,39397,3859,30.1
310M300US44660,44660,"Stillwater, OK ",30657,1115,16206,1452,N,N,14451,1384,35927,6038,69421,7772,81932,8366,16368,4346,59747,7673,90455,13826,N,N,24986,2651,33.3
310M300US44700,44700,"Stockton-Lodi, CA ",227186,2066,166267,3210,112118,4019,60919,3021,59518,2003,67163,2930,84850,3382,32509,2601,77528,2278,85908,2852,102418,3467,49072,2910,35.8
310M300US44940,44940,"Sumter, SC ",41439,1441,27025,1925,N,N,14414,1658,40614,5396,47284,5675,61514,6117,21760,4620,56274,5910,66747,8699,N,N,34981,6807,37.6
310M300US44980,44980,"Sunbury, PA ",38098,1272,24845,1381,17817,1300,13253,1204,47736,3140,57180,4161,69420,4494,25502,1855,59110,2850,69714,3912,N,N,35182,3122,44.4
310M300US45060,45060,"Syracuse, NY ",253229,3539,155079,3879,114147,3417,98150,3286,56702,1407,74791,2905,89083,3293,33522,2561,74266,1857,90138,2594,105558,2906,46039,2324,34.7
310M300US45180,45180,"Talladega-Sylacauga, AL ",35703,1733,22847,1885,N,N,12856,1791,38098,4227,47045,3996,52809,8496,23781,4285,51167,3832,59985,5162,N,N,34925,4979,39.5
310M300US45220,45220,"Tallahassee, FL ",142991,3170,83592,3737,57672,3197,59399,3009,50654,1905,65013,3243,80700,3834,33799,2738,68357,2526,84971,4472,102697,5321,42194,2935,36.6
310M300US45300,45300,"Tampa-St. Petersburg-Clearwater, FL ",1191645,8172,732704,8196,529201,7809,458941,7754,51115,514,62931,1220,75614,1183,32841,1110,71830,1014,85882,1360,98991,1702,46797,1457,36.2
310M300US45460,45460,"Terre Haute, IN ",64837,1869,43284,2121,31621,2097,21553,1639,46951,2202,57591,2635,69268,2970,25535,2952,58439,2350,68732,3292,N,N,34919,3011,38.2
310M300US45500,45500,"Texarkana, TX-AR ",53799,1974,34795,2374,N,N,19004,2116,42513,3011,53843,5739,71150,5685,26679,3368,61706,4549,73087,6417,N,N,39512,5934,38.4
310M300US45540,45540,"The Villages, FL ",51781,2926,35377,2952,N,N,16404,2280,54562,5337,67063,5495,69216,4516,31339,2592,68118,6444,75740,7698,N,N,51126,10710,33.5
310M300US45780,45780,"Toledo, OH ",247069,2864,146335,3721,98335,3363,100734,4202,48822,2159,64822,2062,83087,3084,29527,1856,67246,2097,82833,3172,101981,4412,41242,2508,32.3
310M300US45820,45820,"Topeka, KS ",92086,1974,58863,2182,45759,1873,33223,2439,56548,2418,70908,3367,80861,2168,31810,1753,71877,3410,88417,5016,99617,6692,39407,2806,35.7
310M300US45860,45860,"Torrington, CT ",74105,1681,49366,2324,39158,2384,24739,2051,76993,4879,94911,3287,107642,5674,40698,3504,100472,5300,118815,6662,N,N,61651,9027,40.9
310M300US45900,45900,"Traverse City, MI ",59122,1545,38268,1724,N,N,20854,1538,56196,4574,68927,4129,76794,3883,34597,5207,77051,4819,90674,6173,N,N,47713,8170,27.3
310M300US45940,45940,"Trenton, NJ ",128332,2175,85853,2997,61971,2955,42479,2725,77650,3580,99567,6461,121862,3098,42923,4610,111623,4301,134688,5826,163279,7554,61244,5951,39
310M300US46020,46020,"Truckee-Grass Valley, CA ",38708,1911,24711,2027,N,N,13997,1791,59022,5577,80053,6995,84734,9774,32398,5074,85575,8233,106191,12122,N,N,45338,6153,33.3
310M300US46060,46060,"Tucson, AZ ",400835,4105,248141,5619,175078,4760,152694,4639,47560,1541,60136,1937,72802,2624,30540,1622,65881,1473,78642,2050,92091,2666,42243,2124,33.6
310M300US46100,46100,"Tullahoma-Manchester, TN ",40993,1358,27685,1862,N,N,13308,1768,48449,2749,58665,3967,67537,3706,26887,5721,65719,5991,77469,7515,N,N,38235,5637,35.1
310M300US46140,46140,"Tulsa, OK ",381722,2281,250115,3341,181466,3153,131607,3641,51623,796,64569,1292,79349,2213,30378,891,70843,1314,84498,2062,98486,2450,42144,1550,32.3
310M300US46180,46180,"Tupelo, MS ",52823,1801,36990,2045,25065,1876,15833,1834,40384,3468,49601,4421,65923,4818,23286,2683,54865,4073,64450,5516,N,N,29751,3537,38
310M300US46220,46220,"Tuscaloosa, AL ",86680,2134,54039,2325,37069,2098,32641,2458,46086,3287,62970,5772,80608,4303,26101,3020,63581,3060,79318,4403,N,N,36173,3162,45.2
310M300US46300,46300,"Twin Falls, ID ",38641,1121,28448,1589,N,N,10193,1535,50924,5337,60382,5084,64665,5164,25423,6075,62374,4259,71165,5411,N,N,34731,5342,34
310M300US46340,46340,"Tyler, TX ",75792,2510,52685,2774,41187,2729,23107,2203,52572,3668,66688,6671,77616,4695,30002,7348,68343,3702,78652,4508,N,N,42365,6029,35.7
310M300US46380,46380,"Ukiah, CA ",35439,1083,20857,1575,N,N,14582,1563,43809,4761,51422,6257,66354,8997,30390,6483,65838,9547,64707,6429,N,N,63959,18943,33.1
310M300US46520,46520,"Urban Honolulu, HI ",309169,3715,215927,4028,164634,3935,93242,4366,80513,1671,93131,2233,102316,2892,47117,3244,101034,1991,114783,2482,124890,3109,61603,3006,38.4
310M300US46540,46540,"Utica-Rome, NY ",112029,2313,70821,2420,50646,2380,41208,2218,52534,1649,66245,3611,76105,4344,30463,2310,67927,3232,81378,4540,94022,6049,40671,3183,43.6
310M300US46660,46660,"Valdosta, GA ",52103,1641,33963,2088,23062,1902,18140,2039,39734,4075,50994,3933,68926,6266,22520,2564,57866,5865,70490,8145,N,N,30552,3823,35.6
310M300US46700,46700,"Vallejo-Fairfield, CA ",149172,1723,110618,2727,78009,2921,38554,2268,73900,3323,80665,3428,95959,3740,49867,3346,93929,4378,101473,5653,118090,7713,62761,4884,30.2
310M300US47020,47020,"Victoria, TX ",35180,1354,23857,1711,N,N,11323,1446,55228,5577,64025,6236,79947,10831,36083,7955,84354,8955,88054,9126,N,N,73377,18611,33.7
310M300US47220,47220,"Vineland-Bridgeton, NJ ",50787,1533,33452,2224,19354,2046,17335,1958,49110,6123,60724,7562,79146,5944,22400,4609,61132,4018,69277,4630,N,N,36647,4502,33.4
310M300US47260,47260,"Virginia Beach-Norfolk-Newport News, VA-NC ",639903,5455,417725,6225,292268,6463,222178,5647,61805,919,74430,1448,92961,2069,40683,892,80622,1469,93975,2059,111295,2433,52399,1979,37.1
310M300US47300,47300,"Visalia-Porterville, CA ",135648,1649,107163,2924,70882,3132,28485,2818,45881,1589,47906,2443,61916,3188,31429,2067,61897,2568,64984,3141,79840,4426,42482,4723,39.8
310M300US47380,47380,"Waco, TX ",92256,2150,60786,2414,41251,2400,31470,2239,46590,2195,60229,4248,72227,4938,26852,2496,67246,4669,76735,5121,91669,6852,45345,10302,32.5
310M300US47460,47460,"Walla Walla, WA ",23748,1195,14481,1134,N,N,9267,966,54655,6285,71043,8935,79825,8297,31916,4571,76021,9434,96478,15013,N,N,43122,6379,32.3
310M300US47580,47580,"Warner Robins, GA ",68333,1850,48680,2601,34691,2567,19653,2140,59409,2967,69272,6512,83492,7678,33662,6009,69914,4035,79146,5649,N,N,45000,4903,36.6
310M300US47700,47700,"Warsaw, IN ",30494,1012,21701,1394,N,N,8793,1031,53963,5089,62527,3818,71509,8321,31407,4430,69224,6105,80189,8773,N,N,36106,3711,29.4
310M300US47900,47900,"Washington-Arlington-Alexandria, DC-VA-MD-WV ",2191806,7669,1448204,9415,1084947,10512,743602,9009,95843,925,112792,1364,135334,1539,65094,1185,123171,1104,141736,1501,163259,1851,81472,1358,33
310M300US47940,47940,"Waterloo-Cedar Falls, IA ",66869,1492,41364,1830,32562,1657,25505,1784,53877,3569,72243,4518,81190,3875,30881,1355,72333,4887,90735,7073,N,N,40336,2907,32.4
310M300US48020,48020,"Watertown-Fort Atkinson, WI ",32378,932,21801,1290,N,N,10577,1102,58703,8253,72723,3579,80318,5130,31512,1975,67493,3424,78666,3917,N,N,40982,4513,30.8
310M300US48060,48060,"Watertown-Fort Drum, NY ",41415,1556,28174,1594,21072,1639,13241,1249,45624,3116,55102,5932,67431,7098,27975,4377,61225,2977,68344,3618,N,N,42343,5583,27.9
310M300US48140,48140,"Wausau, WI ",55147,1042,37243,1562,29314,1502,17904,1360,54774,3526,68905,3461,78842,2705,32920,2336,73258,3539,84177,3803,N,N,45999,7325,28.6
310M300US48260,48260,"Weirton-Steubenville, WV-OH ",48495,1692,30262,1824,21620,1578,18233,1719,44733,3056,55585,3258,66912,2959,26873,3234,56392,3289,64789,3391,N,N,40665,6476,33.4
310M300US48300,48300,"Wenatchee, WA ",43186,1732,28828,2316,N,N,14358,1864,52231,4403,64360,4750,69592,7321,30236,3508,68430,4594,81514,6581,N,N,38060,3979,40.3
310M300US48540,48540,"Wheeling, WV-OH ",57441,1478,36137,2009,25821,1672,21304,1747,44131,3560,61327,4696,76231,4001,22357,1621,62509,4371,77175,6411,N,N,34439,3336,34.3
310M300US48580,48580,"Whitewater-Elkhorn, WI ",40039,1193,25641,1231,20381,1386,14398,1235,58302,3805,73710,4317,79519,4506,27938,4689,73449,5212,90610,7137,N,N,40037,4649,31.9
310M300US48620,48620,"Wichita, KS ",244765,2779,157223,3474,120223,3830,87542,3311,53663,1971,68477,2644,80866,2066,30872,1077,69658,1621,84128,2103,96712,2824,41032,2054,33.9
310M300US48660,48660,"Wichita Falls, TX ",56183,2213,36886,2129,25879,1961,19297,2130,44951,2782,56093,6128,70282,5814,28025,3533,58325,3503,69809,5060,81049,6278,34154,2790,38.7
310M300US48700,48700,"Williamsport, PA ",45525,1417,29498,1520,22472,1455,16027,1566,49052,1874,60200,3294,69732,3604,30584,2197,61228,3957,70694,3384,N,N,40888,8806,35.6
310M300US48900,48900,"Wilmington, NC ",114024,2467,67200,3008,51346,3058,46824,3326,50155,2671,67419,6564,79287,3306,31417,4099,69977,4095,89962,6185,N,N,39405,2743,25.1
310M300US48980,48980,"Wilson, NC ",30897,1331,19778,1469,N,N,11119,1306,39036,5608,53329,3878,71723,9604,22706,2584,60107,7135,74414,10983,N,N,31945,4780,39.5
310M300US49020,49020,"Winchester, VA-WV ",52538,1904,37198,2010,N,N,15340,2010,60962,2546,69140,4934,78043,4186,41715,5256,78433,4726,88241,6327,N,N,50439,4887,28.1
310M300US49180,49180,"Winston-Salem, NC ",258760,3762,173492,4521,127039,4270,85268,4070,47711,1493,57830,2060,71462,2027,29348,2872,67076,2232,77093,2476,91370,3279,44854,4367,33.9
310M300US49220,49220,"Wisconsin Rapids-Marshfield, WI ",32749,735,20270,1241,N,N,12479,1201,51887,4281,66384,5160,74217,6121,30489,2319,69621,5439,85287,7970,N,N,41437,4798,29.7
310M300US49300,49300,"Wooster, OH ",43277,1009,30537,1605,23572,1509,12740,1344,53434,1964,64557,3402,71990,4947,27476,3521,64910,2839,74547,3351,N,N,38289,4956,29.7
310M300US49340,49340,"Worcester, MA-CT ",349567,2998,224186,3998,164663,3815,125381,3916,67763,2013,89632,2254,104944,2431,36654,1256,87965,1809,106565,2327,123904,2652,51531,2468,34.7
310M300US49420,49420,"Yakima, WA ",81084,1428,57501,2447,40370,2415,23583,2283,48965,3169,56994,2532,68781,3226,30501,2374,65675,5573,67933,2914,N,N,43182,8761,33.3
310M300US49620,49620,"York-Hanover, PA ",169885,2322,117745,3263,90540,3689,52140,2955,62462,2726,72104,2574,82676,2637,37653,4169,75945,2062,85352,2750,94585,2708,49976,3470,28.9
310M300US49660,49660,"Youngstown-Warren-Boardman, OH-PA ",228427,3202,142887,3757,101759,3612,85540,3553,44981,1557,57663,2105,70546,2167,26294,1253,60428,2179,72453,2833,84942,3670,38049,2805,29.8
310M300US49700,49700,"Yuba City, CA ",59044,962,42832,1963,31047,2079,16212,1789,50775,3838,55947,4918,69150,5980,27681,4951,68476,4597,75852,6337,N,N,43585,6733,29.8
310M300US49740,49740,"Yuma, AZ ",73072,2001,53122,2742,39652,2544,19950,2201,43518,2770,47931,4515,55554,4382,27314,3046,56872,2908,61588,3373,N,N,41671,5389,32.9
310M300US49780,49780,"Zanesville, OH ",34169,1315,21514,1387,N,N,12655,1513,43422,4427,55320,7177,64042,3541,24593,4918,53368,3236,65945,4137,N,N,29005,3181,37.2
